3060,3508,2927,2976,2774,2768,2512,2533,2456,2306,2210,2230,2111,2124,2167,2095,2024,2023,1923,1918,1888,1847,1900,1783,1735,1662,1635,1614,1589,1609,1562,1569,1535,1540,1586,1597,1610,1590,1548,1520,1514,1548,1483,1504,1436,1435,1475,1407,1436,1418,1469,1434,1413,1387,1394,1406,1341,1369,1279,1305,1311,1293,1322,1325,1270,1292,1309,1333,1352,1325,1311,1271,1332,1300,1257,1280,1255,1253,1252,1247,1269,1258,1256,1205,1201,1175,1174,1228,1160,1157,1110,1098,1062,1046,1027,1020,994,1014,1018,1076,1094,1132,1092,1141,1065,1094,1103,1097,1092,1065,1113,1091,1068,1065,1053,1039,1040,1017,1036,1018,1049,1075,1089,1058,1020,1055,1002,1006,990,1052,1045,1025,978,949,893,895,878,851,889,907,913,880,888,881,889,870,875,847,826,817,863,865,959,910,933,921,935,902,915,904,886,900,936,915,932,959,898,944,923,943,933,944,992,954,1000,948,1002,975,995,964,954,967,961,967,972,943,1019,980,967,920,914,922,902,919,884,941,918,920,913,909,880
2998,3432,2884,2929,2717,2665,2515,2432,2388,2325,2270,2279,2127,2012,1951,1837,1818,1759,1749,1722,1653,1671,1618,1616,1611,1622,1620,1554,1541,1516,1506,1516,1494,1473,1447,1387,1349,1379,1369,1352,1395,1381,1382,1373,1362,1345,1371,1291,1290,1281,1238,1226,1214,1177,1222,1162,1229,1189,1215,1119,1163,1153,1208,1164,1175,1184,1171,1141,1177,1162,1212,1184,1195,1182,1130,1130,1082,1075,1077,1015,1006,955,952,909,937,901,965,971,971,960,944,950,968,933,933,964,970,980,960,871,869,876,884,898,864,870,850,873,881,929,951,929,986,945,966,962,975,1005,961,932,957,991,987,941,998,957,949,929,948,918,917,945,902,894,900,890,932,863,889,908,909,866,862,839,812,818,783,818,811,847,870,853,869,872,871,860,893,887,877,883,932,876,953,909,909,881,895,881,897,905,889,923,894,915,934,907,901,842,831,782,785,795,772,781,765,798,816,832,794,812,841,841,858,850,873,856,875,854,844,864,833
2934,3385,2820,2800,2704,2527,2455,2411,2225,2171,2074,2016,1989,1943,1898,1828,1804,1891,1807,1796,1792,1797,1758,1785,1722,1669,1684,1609,1613,1620,1642,1571,1630,1554,1516,1496,1462,1474,1396,1423,1323,1357,1322,1275,1363,1355,1357,1411,1387,1418,1344,1359,1333,1335,1310,1283,1256,1271,1238,1197,1154,1159,1201,1196,1205,1239,1217,1217,1242,1168,1129,1171,1116,1127,1059,1094,1076,1095,1098,1103,1118,1086,1093,1109,1091,1084,1046,1064,1085,1039,1013,1079,1103,1083,1144,1132,1148,1131,1141,1090,1116,1165,1161,1187,1216,1181,1174,1192,1165,1207,1111,1186,1150,1164,1127,1149,1114,1113,1093,1127,1121,1096,1085,1055,1090,1049,1042,1077,1094,1109,1056,1108,1041,1019,1031,1056,1071,1043,1036,1036,1039,1058,1077,1068,1090,1048,1081,1055,1050,1022,979,996,1006,1004,1007,955,943,914,910,891,916,895,945,882,904,923,898,950,955,917,887,939,932,920,917,971,991,1002,964,969,961,941,925,950,927,988,961,922,913,955,919,968,910,972,967,994,970,967,946,919,933
2932,3273,2925,2808,2670,2592,2524,2415,2275,2169,2050,2071,1997,1979,1904,1814,1786,1821,1688,1668,1653,1582,1607,1525,1451,1393,1426,1414,1439,1447,1395,1347,1325,1322,1300,1264,1300,1259,1272,1285,1251,1200,1218,1206,1177,1199,1143,1168,1120,1089,1084,1093,1127,1072,1077,1036,1047,1021,1010,997,956,1003,945,961,933,939,945,914,937,932,929,905,974,892,860,907,863,860,841,812,796,774,729,751,748,742,723,735,699,716,709,719,714,704,708,749,762,758,725,701,726,735,690,712,691,715,706,707,724,722,725,754,723,710,693,689,705,693,711,719,730,678,704,721,683,704,696,701,713,717,711,753,769,796,806,798,808,823,840,832,845,795,782,827,820,822,839,809,800,799,787,767,742,716,723,716,702,721,714,709,743,747,736,714,706,673,690,660,671,663,623,617,636,628,655,640,651,637,610,587,612,603,633,597,616,593,621,632,702,620,661,592,607,618,665,655,691,675,670,618,641
3011,3350,3019,2960,2758,2578,2549,2418,2291,2220,2179,2112,2029,1962,1933,1861,1790,1723,1675,1628,1689,1630,1606,1594,1590,1531,1570,1544,1513,1537,1485,1481,1461,1403,1419,1492,1408,1440,1357,1341,1355,1335,1353,1359,1334,1368,1328,1350,1334,1356,1330,1317,1342,1421,1356,1389,1397,1391,1305,1211,1255,1200,1298,1202,1239,1269,1198,1194,1213,1170,1214,1159,1208,1117,1169,1106,1103,1094,1054,1087,1087,1104,1040,1007,964,964,978,934,962,932,922,925,945,880,894,913,915,907,908,893,874,921,898,934,960,917,996,951,959,961,925,907,922,952,941,925,974,914,938,941,983,924,932,905,907,920,860,850,851,890,872,905,856,886,874,895,910,909,936,950,933,901,926,942,950,922,947,946,961,961,943,912,956,926,932,885,920,832,826,801,808,770,757,748,721,765,722,724,689,687,669,693,648,678,644,675,661,689,689,712,695,707,676,680,664,670,695,699,696,707,673,676,669,676,703,703,696,709,710,685,655
3012,3369,2961,2854,2680,2502,2489,2324,2301,2104,2040,1915,1833,1820,1721,1686,1712,1703,1663,1638,1646,1620,1585,1518,1441,1386,1425,1398,1414,1416,1367,1282,1299,1325,1333,1346,1301,1307,1318,1310,1284,1292,1283,1265,1281,1282,1281,1236,1150,1169,1196,1116,1103,1094,1084,1120,1172,1132,1097,1113,1110,1073,1094,1109,1065,1149,1078,1094,1084,1124,1088,1120,1115,1081,1087,1108,1073,1098,1111,1121,1032,1104,1072,1096,1084,1049,1088,1068,1110,1071,1106,1092,1104,1079,1084,1091,1088,1126,1048,1098,1080,1102,1088,1064,1099,1098,1092,1080,1091,1066,1034,1057,1027,1022,1023,1036,1083,1108,1079,1046,1054,1035,1073,1031,1017,972,982,959,953,921,881,881,883,938,877,895,886,883,882,834,831,763,805,749,764,730,738,742,734,715,692,676,687,686,681,673,660,650,663,697,652,657,636,685,686,689,689,723,738,690,679,670,740,701,706,736,710,744,701,718,715,726,763,746,759,795,822,802,797,760,798,783,815,766,826,774,780,812,831,803,831
2943,3458,2859,2929,2716,2577,2474,2327,2384,2380,2273,2214,2031,2019,1987,1948,1886,1890,1816,1824,1816,1771,1753,1759,1740,1678,1719,1600,1613,1522,1475,1470,1461,1440,1459,1484,1436,1430,1385,1424,1405,1431,1440,1391,1449,1400,1454,1470,1496,1426,1367,1354,1333,1376,1361,1394,1411,1414,1335,1324,1381,1341,1366,1352,1362,1336,1347,1308,1292,1332,1247,1240,1169,1138,1165,1123,1198,1118,1186,1120,1101,1102,1088,1096,1098,1082,1074,1036,1051,1012,1064,1061,1071,1021,1044,1040,1042,1048,1056,1066,1055,1057,1001,967,987,970,994,980,944,986,1003,1049,969,1006,963,1025,996,1029,1011,1035,1026,1001,1026,1033,988,964,971,988,962,1004,998,1001,1035,1029,1032,1043,1055,1007,1059,1061,1037,1026,1055,949,991,974,975,989,970,974,971,969,916,918,915,926,929,948,991,996,977,930,980,992,977,1011,1009,953,931,895,888,863,893,858,902,834,833,818,782,781,770,809,753,747,729,748,748,793,741,759,783,767,768,768,789,812,843,823,825,867,820
3043,3471,2974,2817,2745,2585,2557,2497,2331,2243,2260,2263,2181,2061,2014,1990,1848,1867,1812,1766,1630,1684,1537,1581,1554,1516,1475,1388,1394,1387,1412,1381,1394,1358,1391,1383,1343,1396,1245,1300,1286,1310,1255,1238,1237,1265,1238,1185,1182,1173,1187,1190,1163,1148,1153,1197,1214,1182,1152,1159,1193,1192,1172,1162,1128,1146,1145,1151,1142,1104,1123,1139,1107,1118,1125,1101,1049,1026,982,982,933,913,889,909,924,890,861,843,822,883,839,824,845,888,894,874,884,865,897,917,952,981,966,950,930,947,965,1000,999,1009,997,916,944,842,874,831,844,823,815,850,867,824,807,781,808,816,758,755,773,775,767,816,748,837,765,826,789,807,813,819,786,781,793,785,783,736,697,723,721,740,701,742,752,759,722,704,752,704,681,643,608,605,599,599,617,618,594,600,589,611,619,621,622,636,645,657,656,672,654,668,683,684,669,650,656,657,662,667,714,696,706,702,685,691,632,641,660,659,694,714,747
2984,3396,2885,2944,2620,2531,2381,2350,2194,2173,2001,2001,1901,1846,1812,1807,1784,1764,1725,1706,1678,1617,1643,1562,1554,1508,1468,1396,1370,1361,1342,1303,1285,1237,1222,1194,1166,1157,1121,1163,1094,1115,1083,1103,1072,1116,990,1057,980,988,957,988,921,901,922,941,938,905,887,882,876,842,899,884,905,904,945,947,909,918,902,858,873,833,875,876,848,840,839,858,846,834,790,785,749,708,713,733,694,684,683,690,701,708,731,712,736,724,724,715,702,697,717,684,662,652,665,683,677,682,659,669,681,649,690,655,687,659,680,687,763,724,759,757,784,809,826,843,849,798,790,804,773,781,802,781,785,761,793,755,775,768,727,768,765,768,745,759,745,760,718,733,733,699,715,746,726,724,754,732,764,735,707,685,689,677,718,707,708,707,741,735,755,717,737,680,705,657,721,664,682,701,736,685,693,695,706,698,737,713,717,708,743,734,751,742,781,786,736,756,732
3004,3530,2920,2853,2590,2563,2493,2335,2336,2122,2153,2115,2043,1983,1876,1881,1753,1710,1657,1563,1539,1494,1427,1430,1461,1470,1440,1449,1403,1352,1354,1309,1338,1275,1232,1218,1174,1225,1226,1216,1187,1194,1131,1188,1100,1124,1078,1082,1075,1114,1060,1026,1032,1012,990,1024,922,951,939,946,952,947,963,922,917,910,929,928,902,899,896,931,927,967,930,942,901,875,883,879,919,932,973,967,954,989,1005,980,979,996,1021,996,1021,968,985,998,997,987,983,984,947,920,965,940,951,933,938,882,892,861,956,887,899,893,890,887,915,924,872,888,848,862,823,823,817,791,815,820,818,791,801,810,776,803,771,802,776,803,791,803,789,817,817,853,850,903,851,863,864,849,837,809,832,839,843,839,866,840,843,881,823,844,842,839,780,836,785,848,844,815,847,813,839,840,856,816,835,779,777,757,726,740,800,775,777,817,776,813,817,832,837,799,812,817,780,735,770,739,714,745,733
3058,3375,2952,2763,2727,2551,2525,2400,2275,2242,2125,2060,1957,1913,1910,1931,1891,1963,1848,1856,1742,1783,1739,1708,1750,1645,1676,1677,1552,1593,1485,1507,1481,1491,1506,1498,1474,1510,1467,1470,1463,1368,1424,1374,1394,1357,1309,1315,1334,1302,1340,1301,1353,1249,1262,1243,1278,1247,1277,1247,1268,1180,1202,1141,1247,1123,1165,1175,1174,1214,1121,1145,1125,1110,1072,1047,1018,1008,979,971,946,961,919,997,964,955,950,955,967,975,973,967,956,962,937,949,925,912,867,886,948,961,967,959,962,967,936,981,972,1017,968,1009,987,1005,953,940,952,1005,970,1011,966,1009,944,954,975,997,963,970,955,913,917,946,955,947,932,981,957,939,951,956,971,976,991,980,970,966,971,977,992,971,1001,932,941,958,968,1002,980,981,935,946,905,864,852,862,891,860,914,902,924,925,917,921,957,902,992,916,976,894,912,882,924,928,876,902,864,905,897,888,872,875,832,888,876,890,909,913,914,920,875,939,927
2929,3328,2846,2884,2631,2589,2501,2471,2333,2265,2184,2154,2059,1925,1865,1770,1686,1708,1693,1649,1658,1619,1654,1534,1563,1537,1496,1447,1533,1486,1513,1456,1558,1531,1520,1585,1622,1621,1645,1553,1557,1445,1406,1355,1338,1290,1300,1271,1279,1290,1308,1295,1283,1249,1251,1196,1184,1227,1236,1257,1190,1208,1193,1246,1281,1247,1288,1210,1250,1219,1167,1115,1139,1072,1101,1069,1043,1049,1041,1050,1021,1047,1014,1022,1024,1046,1057,1027,1038,1062,1112,1126,1115,1155,1137,1140,1138,1106,1112,1093,1099,1088,1112,1070,1117,1074,1080,1078,1089,1028,1003,995,921,950,858,898,822,840,824,807,839,830,871,876,872,843,874,819,820,795,806,829,843,860,801,811,786,800,809,833,793,784,794,742,763,733,763,747,783,767,747,782,812,797,788,783,748,793,756,741,776,762,769,754,779,785,778,821,825,874,908,951,933,928,916,940,942,979,972,956,957,937,928,935,897,904,915,897,863,884,850,875,819,857,825,876,863,906,858,887,871
2987,3525,2930,2901,2701,2633,2503,2484,2426,2318,2290,2181,2184,2151,2157,2095,2047,1972,1915,1971,1925,1950,1895,1824,1789,1737,1701,1633,1521,1484,1496,1471,1522,1462,1434,1420,1425,1406,1430,1372,1410,1347,1302,1236,1191,1153,1179,1178,1180,1155,1196,1140,1146,1108,1137,1137,1154,1106,1111,1119,1122,1147,1179,1187,1169,1191,1221,1239,1252,1263,1215,1236,1172,1161,1115,1056,1029,1028,1050,986,1020,992,985,951,962,961,972,979,950,991,984,953,964,968,1003,954,1014,932,973,946,977,887,924,892,922,886,893,869,878,845,813,830,856,852,882,879,921,905,934,907,919,907,851,816,829,835,806,846,777,818,777,827,767,794,787,844,810,838,785,798,795,762,723,717,702,687,681,687,668,684,664,666,672,669,660,656,665,628,640,621,618,615,633,617,607,590,587,603,603,623,626,627,643,646,654,644,690,673,656,655,699,690,712,686,711,708,732,695,686,677,652,673,695,675,686,689,713,712,721,713,739
3017,3333,2964,2882,2691,2628,2458,2390,2285,2170,2113,2027,2011,1953,1922,1878,1741,1693,1643,1573,1574,1535,1557,1500,1468,1498,1458,1514,1478,1467,1469,1436,1425,1331,1299,1295,1298,1298,1302,1284,1239,1292,1269,1238,1263,1201,1203,1211,1287,1242,1229,1266,1264,1253,1262,1215,1194,1175,1171,1141,1122,1113,1115,1085,1088,1059,1036,1049,1057,1067,1064,1027,1077,1109,1083,1099,1063,1010,1020,1028,1034,1007,977,958,964,941,944,942,940,918,919,962,963,974,971,966,918,923,930,923,952,932,952,935,969,926,954,911,895,930,905,860,877,873,914,910,928,880,923,910,900,947,911,941,904,877,890,836,854,792,792,768,756,756,764,756,722,764,775,785,776,742,742,723,682,692,666,670,684,677,694,658,646,663,656,658,655,667,630,633,642,643,655,632,651,635,672,643,637,626,608,622,614,603,636,643,634,641,652,660,669,674,664,658,663,649,665,611,602,623,638,640,643,644,652,674,648,646,611,602,607
3128,3530,2910,2904,2666,2614,2470,2459,2327,2350,2294,2155,2180,2044,2029,2006,2001,1995,1894,1853,1801,1771,1710,1622,1619,1553,1614,1576,1537,1471,1470,1485,1431,1412,1410,1432,1426,1402,1384,1358,1383,1375,1373,1414,1353,1291,1360,1299,1356,1344,1371,1346,1354,1400,1386,1326,1290,1302,1316,1323,1382,1337,1323,1294,1274,1268,1257,1231,1270,1227,1234,1235,1246,1246,1213,1221,1203,1176,1184,1095,1122,1106,1030,1088,1022,1009,1007,986,991,954,964,936,931,924,928,934,932,930,951,889,897,908,881,908,929,936,950,963,985,985,953,932,955,970,927,939,944,945,916,908,913,863,841,784,815,836,844,865,849,820,831,803,805,777,820,805,788,789,785,757,773,740,738,731,727,772,766,772,765,777,710,706,667,656,634,668,659,645,660,684,695,723,682,711,647,687,684,718,715,698,717,683,666,692,709,690,676,638,631,616,648,669,664,691,709,732,747,724,718,673,674,658,689,725,713,703,690,730,729,716,724
2905,3329,2798,2756,2574,2475,2410,2281,2256,2132,2072,1936,2041,1852,1967,1787,1789,1741,1663,1615,1635,1614,1584,1603,1561,1631,1590,1600,1469,1504,1551,1487,1552,1472,1512,1450,1514,1410,1473,1405,1435,1369,1402,1399,1421,1398,1400,1375,1393,1353,1363,1294,1282,1263,1216,1257,1215,1185,1144,1159,1095,1167,1091,1075,1074,1048,1022,1051,1078,1022,1021,1039,1012,1035,1011,999,993,1037,1036,1053,1050,1020,1027,990,1013,1000,992,990,1004,962,997,1018,1017,998,974,966,1023,1020,1054,1071,1086,1083,1059,1039,1038,980,979,1013,991,949,944,957,959,953,973,927,985,969,967,946,917,911,942,911,925,931,936,930,961,914,904,919,900,884,882,906,859,890,887,880,880,882,873,874,809,817,777,820,831,811,805,821,792,798,794,814,783,766,776,740,782,782,790,768,790,785,760,791,749,755,697,695,662,645,628,623,626,606,601,597,595,613,590,619,629,628,642,634,624,666,670,714,698,705,680,679,649,660,667,665,666
3020,3467,2937,2813,2577,2616,2345,2338,2301,2229,2202,2095,2107,2032,1903,1968,1897,1901,1880,1843,1801,1763,1679,1760,1690,1676,1623,1575,1528,1594,1584,1568,1504,1488,1456,1454,1473,1419,1435,1392,1409,1336,1340,1275,1332,1311,1299,1351,1280,1334,1308,1335,1354,1281,1282,1182,1222,1206,1211,1226,1184,1157,1154,1139,1080,1072,1032,1025,1030,1039,1046,1050,1036,1029,1032,999,1062,1034,1045,1009,1002,991,990,984,1069,984,1019,982,1011,1000,990,1020,959,940,965,900,887,872,821,863,838,820,774,817,753,787,760,806,827,849,807,820,803,830,779,793,791,767,775,727,731,753,713,722,732,691,692,675,686,683,661,683,715,689,717,689,665,648,673,683,705,685,736,663,677,661,700,645,663,658,663,683,676,690,710,711,706,665,664,639,683,629,657,651,638,612,602,592,609,600,593,566,556,566,568,600,563,614,590,637,614,629,638,663,613,645,590,601,625,615,632,630,593,582,563,564,547,553,533,549,540
3027,3559,2891,2848,2659,2638,2540,2501,2418,2367,2271,2163,2218,2116,2113,2107,2071,2085,1974,2003,1890,1835,1842,1747,1761,1790,1740,1682,1627,1575,1544,1527,1468,1482,1442,1414,1410,1408,1495,1454,1417,1396,1398,1348,1315,1282,1255,1276,1259,1270,1237,1221,1219,1238,1199,1207,1253,1231,1213,1165,1233,1178,1157,1165,1173,1149,1174,1103,1095,1077,1042,1041,1074,1085,1074,1072,1107,1087,1138,1019,1065,978,945,900,958,927,924,912,922,920,959,921,917,900,921,937,916,925,929,919,904,935,961,938,934,942,990,937,954,896,855,796,858,824,848,833,812,820,822,848,816,789,776,753,781,775,770,804,793,782,752,762,802,774,777,762,768,751,764,747,789,740,768,793,820,816,827,849,840,855,819,817,808,813,847,853,866,880,870,839,845,832,788,798,795,768,747,717,700,696,709,713,709,748,759,803,793,815,785,809,823,843,788,821,783,791,757,776,737,768,771,800,790,760,741,730,741,727,740,711,689
2981,3436,2865,2892,2729,2647,2632,2526,2385,2320,2190,2188,2046,1989,1958,1875,1813,1742,1743,1777,1742,1754,1627,1619,1583,1592,1532,1481,1440,1386,1401,1406,1443,1436,1447,1441,1396,1387,1313,1351,1330,1316,1267,1267,1287,1324,1249,1254,1216,1269,1212,1243,1228,1240,1302,1260,1291,1275,1291,1264,1265,1273,1279,1255,1288,1239,1287,1205,1260,1166,1206,1148,1188,1192,1189,1203,1173,1174,1176,1124,1115,1165,1121,1151,1114,1067,1081,1088,1051,1105,1075,1037,1047,1032,1017,1036,1058,1070,1099,1094,1078,1074,1038,1023,1023,1055,1025,1050,1083,1085,1079,1107,1032,1044,1031,1024,993,969,1006,1000,1009,977,976,969,983,956,978,942,995,972,975,931,941,927,953,948,936,963,934,923,935,939,928,937,905,907,880,901,896,915,895,903,902,949,933,877,883,854,854,854,831,814,786,816,753,730,709,699,705,701,690,705,696,710,746,745,752,783,756,789,760,811,828,793,839,817,804,834,828,819,779,792,753,769,738,772,752,727,728,735,722
2954,3463,2880,2876,2742,2683,2543,2451,2366,2299,2184,2120,2106,1987,1991,1930,1868,1811,1836,1809,1800,1717,1655,1651,1564,1544,1520,1501,1444,1476,1462,1480,1483,1485,1401,1411,1427,1457,1374,1474,1429,1472,1434,1514,1444,1415,1389,1331,1387,1344,1355,1302,1311,1295,1222,1182,1186,1157,1184,1174,1156,1179,1127,1136,1131,1134,1087,1050,1053,1093,1050,991,1013,971,1037,1007,1053,1059,1095,1099,1074,981,1000,982,975,976,969,969,930,893,881,918,908,896,914,894,923,883,900,890,928,910,893,904,875,869,886,887,865,837,848,872,878,860,829,870,831,844,811,790,780,812,821,815,783,836,808,798,837,801,876,794,814,819,869,854,859,854,852,841,803,775,756,777,780,768,807,773,797,778,732,719,712,742,731,733,725,754,736,764,739,751,754,763,741,740,766,749,746,755,776,773,761,761,780,760,775,800,788,774,766,785,784,769,775,747,775,775,795,772,799,782,796,788,770,734,756,772,743,759,755
2962,3366,2912,2853,2663,2587,2470,2369,2305,2207,2109,2060,1925,1941,1834,1842,1749,1717,1720,1660,1589,1541,1584,1565,1569,1628,1583,1524,1607,1529,1598,1549,1562,1484,1516,1491,1481,1466,1452,1489,1450,1451,1419,1402,1454,1428,1363,1461,1425,1471,1409,1313,1385,1313,1301,1299,1335,1258,1289,1271,1289,1261,1221,1210,1152,1162,1108,1143,1106,1112,1092,1118,1135,1123,1143,1168,1134,1121,1087,1041,1072,1100,1079,1112,1072,1092,1025,1028,1000,1006,1013,946,951,941,958,925,917,876,888,925,905,910,902,929,970,946,984,940,982,1003,1059,986,961,932,969,929,938,934,960,951,999,1001,995,983,984,1006,1002,1020,986,900,917,921,951,936,934,853,874,815,846,817,830,833,836,827,867,806,822,779,775,793,763,781,777,796,748,768,751,750,739,742,745,772,770,786,788,773,754,754,773,758,775,799,825,794,826,837,830,874,817,883,824,811,806,820,812,798,809,804,820,791,800,831,825,837,814,848,772,802,783,781,807
2939,3366,2924,2963,2777,2646,2566,2463,2418,2385,2297,2198,2186,2143,2117,2040,2007,1919,1863,1824,1779,1747,1728,1682,1642,1576,1591,1532,1523,1515,1455,1420,1343,1404,1334,1414,1359,1441,1394,1430,1378,1393,1342,1299,1336,1301,1292,1288,1254,1228,1215,1226,1207,1202,1146,1134,1139,1153,1109,1066,1082,1073,1051,1001,1038,984,1016,978,1017,1004,976,930,933,966,971,970,981,947,979,1018,971,991,961,1021,1008,995,989,969,1011,994,972,959,987,984,996,993,1017,1034,963,953,992,961,971,954,923,889,866,840,849,873,857,854,840,854,809,844,805,846,821,834,839,830,820,819,816,818,804,799,792,820,792,794,794,806,779,793,798,842,810,829,825,836,844,813,845,823,824,787,759,740,732,707,735,764,733,764,757,784,792,774,736,735,713,731,706,734,684,727,679,703,688,685,685,697,720,707,700,682,720,731,754,721,715,721,735,755,769,793,766,784,804,782,804,771,760,749,728,736,667,683,683
3028,3472,2914,2907,2631,2670,2473,2406,2342,2174,2197,2115,2085,2086,2059,1967,1980,2001,1899,1820,1828,1722,1746,1654,1625,1624,1644,1553,1584,1584,1590,1534,1445,1394,1385,1357,1273,1277,1308,1279,1264,1300,1306,1308,1237,1239,1247,1259,1272,1288,1255,1227,1232,1238,1185,1234,1209,1189,1169,1191,1171,1150,1192,1193,1168,1151,1153,1109,1114,1134,1091,1142,1088,1072,1038,1057,1039,1001,970,1012,1020,987,988,959,1000,985,1026,1011,1008,1014,1007,971,954,918,933,906,924,880,903,881,902,901,918,924,932,911,939,927,945,1000,1025,979,966,1003,951,964,914,921,930,925,920,880,837,817,799,792,786,809,838,819,817,793,786,758,778,754,792,764,779,785,766,793,748,794,784,789,792,776,780,734,753,740,750,763,741,745,756,789,758,760,755,765,799,769,821,776,747,735,730,728,689,668,684,709,682,671,679,706,708,689,714,658,679,659,689,695,737,717,717,708,708,671,659,672,686,689,691,683,686,680,667
3028,3460,2920,2907,2716,2566,2559,2394,2421,2395,2256,2237,2236,2163,2166,2028,2050,1899,1845,1844,1790,1738,1734,1605,1630,1584,1596,1512,1490,1447,1375,1412,1333,1296,1284,1290,1294,1269,1326,1249,1261,1204,1232,1159,1164,1100,1099,1105,1070,1068,1022,1036,1025,1063,1045,1040,1062,1081,1079,1084,1096,1167,1168,1199,1173,1164,1200,1142,1194,1166,1253,1187,1153,1166,1133,1090,1094,1076,1065,998,991,988,975,932,975,1024,978,964,970,932,925,939,945,959,911,880,879,886,835,867,824,869,843,824,800,783,786,783,791,769,723,740,771,798,786,796,817,835,845,857,792,847,829,882,836,893,925,835,892,838,872,866,833,909,908,923,913,948,924,951,919,966,880,884,823,802,798,808,778,781,822,841,823,868,836,897,846,853,824,786,796,775,758,769,794,733,771,731,717,684,722,697,690,709,684,684,688,658,677,656,638,664,626,632,625,650,671,669,664,685,679,717,690,671,650,633,613,640,632,683,648
2987,3380,2828,2840,2707,2608,2462,2419,2303,2289,2215,2135,2089,2005,2003,1912,1844,1838,1789,1696,1720,1682,1670,1662,1599,1633,1571,1546,1491,1450,1474,1433,1447,1405,1465,1494,1450,1498,1438,1439,1345,1338,1265,1290,1243,1261,1247,1244,1194,1220,1160,1122,1149,1107,1120,1154,1083,1106,1117,1112,1134,1111,1101,1074,1101,1064,1043,1044,1028,953,955,931,917,856,869,866,915,929,930,971,935,1017,993,1040,1041,1062,1095,1086,1038,1016,1008,1031,1004,1020,973,1022,966,927,893,916,911,913,914,916,914,915,898,949,909,953,930,985,959,994,912,950,965,955,1003,1040,1037,1047,1019,1019,1044,968,1030,1004,1021,987,1013,993,1013,972,959,980,997,1036,994,1017,1025,1049,1065,1031,1022,1019,975,992,975,951,942,952,942,899,970,926,908,904,900,934,891,883,887,914,878,878,844,818,821,857,864,843,857,871,867,882,893,910,966,945,908,891,856,857,827,849,836,831,845,816,838,833,839,835,864,846,854,854,851,821,839
3058,3460,2935,2961,2756,2676,2445,2473,2354,2314,2215,2088,2070,1990,1984,1940,1953,1874,1832,1796,1701,1654,1631,1567,1557,1542,1504,1524,1479,1480,1469,1487,1431,1404,1486,1417,1414,1401,1363,1384,1337,1325,1316,1345,1328,1288,1274,1215,1205,1283,1184,1232,1171,1212,1149,1162,1137,1108,1171,1125,1164,1183,1225,1219,1265,1235,1251,1241,1256,1235,1253,1183,1188,1180,1121,1146,1156,1138,1180,1141,1113,1090,1075,1102,1142,1102,1150,1085,1135,1092,1146,1114,1085,994,1006,918,959,941,997,927,922,895,920,925,902,961,900,916,887,901,920,934,980,955,952,962,877,893,893,898,890,887,838,867,826,855,793,781,794,840,797,758,741,773,763,792,774,764,781,740,728,765,700,754,723,755,735,776,748,747,733,712,690,727,712,731,734,728,740,740,740,750,735,756,743,782,733,799,747,780,804,786,785,792,809,769,839,770,806,773,766,809,722,762,778,794,757,753,737,758,759,776,760,739,742,749,723,748,718,726,733
3006,3410,2854,2750,2634,2652,2564,2473,2317,2301,2227,2143,2118,2079,2023,2006,1924,1879,1763,1713,1684,1715,1624,1554,1523,1539,1479,1503,1398,1387,1338,1284,1258,1221,1186,1175,1099,1159,1120,1178,1095,1100,1026,1080,977,1033,1013,1049,1086,1116,1159,1157,1146,1185,1174,1204,1188,1176,1191,1214,1175,1155,1197,1129,1111,1087,1068,1084,1117,1079,1144,1156,1100,1108,1152,1127,1175,1145,1164,1100,1100,1114,1177,1165,1145,1156,1138,1149,1183,1158,1171,1120,1153,1083,1090,1075,1054,1024,1010,947,993,950,965,976,980,1021,1055,1033,1077,1085,1062,1140,1078,1126,1121,1137,1127,1095,1091,1041,1084,1069,1039,976,996,949,964,919,910,892,915,868,908,899,942,865,811,818,778,792,791,801,790,788,839,807,811,802,824,781,766,761,781,742,750,692,757,757,767,724,735,730,732,695,739,725,731,745,748,759,778,753,747,697,659,699,649,670,649,677,625,617,617,651,649,616,621,635,609,620,628,613,623,631,619,618,591,572,572,604,581
2981,3411,2889,2790,2614,2550,2399,2474,2276,2276,2196,2142,2092,2097,1973,1986,1913,1843,1798,1805,1787,1800,1722,1714,1687,1732,1759,1634,1673,1670,1649,1651,1643,1627,1695,1596,1575,1480,1456,1423,1444,1403,1362,1329,1396,1321,1318,1304,1320,1276,1285,1292,1269,1273,1302,1319,1378,1279,1269,1228,1243,1262,1224,1224,1148,1152,1138,1175,1155,1161,1108,1049,1020,1041,1046,1110,1060,1102,1018,1113,995,970,1001,952,949,944,932,978,921,944,917,957,905,921,917,891,929,966,948,954,1021,959,977,956,941,975,952,980,923,928,919,877,912,889,912,867,831,882,832,872,880,913,907,888,874,875,883,856,844,859,828,855,865,908,863,884,892,881,895,876,892,904,919,949,924,877,933,901,879,907,930,934,952,925,895,904,888,938,921,942,930,943,915,923,952,920,905,878,934,947,899,906,939,969,963,949,914,935,919,927,910,933,877,902,897,907,915,934,917,904,890,953,989,1018,940,967,984,962,938,927,933
3026,3481,2822,2710,2592,2569,2473,2358,2299,2213,2118,2108,2049,1930,1848,1809,1745,1685,1704,1655,1596,1535,1509,1520,1511,1510,1440,1476,1483,1497,1482,1462,1394,1412,1351,1300,1272,1320,1271,1230,1258,1218,1195,1199,1186,1160,1133,1135,1154,1149,1151,1206,1174,1179,1189,1234,1253,1244,1196,1237,1259,1264,1280,1228,1258,1160,1178,1169,1146,1155,1137,1187,1165,1153,1185,1162,1185,1222,1220,1209,1215,1132,1112,1145,1123,1093,1060,1055,1031,1035,1054,1065,1030,987,990,985,1006,958,981,1037,1009,959,950,927,918,929,907,872,872,860,857,839,802,823,793,788,747,783,796,833,824,839,852,860,909,886,885,886,896,864,888,892,953,936,996,901,912,879,929,906,920,920,904,909,932,926,901,917,888,903,873,852,831,828,780,779,788,800,783,835,820,869,874,894,856,850,847,853,864,886,869,874,869,871,912,937,935,935,922,877,872,869,819,824,834,835,839,843,829,826,796,794,794,797,798,794,794,799,797,826,831
3060,3522,2998,2934,2698,2655,2431,2406,2373,2330,2239,2191,2024,2080,1913,1878,1895,1863,1825,1860,1792,1819,1709,1722,1653,1661,1593,1553,1565,1518,1496,1499,1392,1452,1419,1446,1395,1353,1417,1371,1354,1293,1334,1281,1294,1256,1225,1211,1242,1177,1157,1135,1107,1102,1123,1113,1172,1134,1168,1121,1181,1136,1157,1153,1101,1124,1074,1069,1106,1107,1144,1106,1030,1004,999,992,990,988,987,969,958,978,940,976,924,970,944,989,901,921,906,965,913,949,955,950,1002,943,986,1041,1005,976,959,971,996,1004,1003,963,992,942,917,860,852,796,800,792,824,824,826,835,842,832,867,846,815,772,808,779,784,799,842,827,841,801,790,763,789,794,846,801,804,814,825,817,775,773,794,776,814,811,799,768,778,756,772,774,804,743,773,773,754,773,783,771,798,773,803,821,817,844,888,883,913,886,895,900,899,907,876,859,839,865,892,837,828,786,773,768,757,802,792,822,846,891,897,865,823,824,865,783,789
2916,3268,2752,2720,2481,2544,2318,2293,2220,2187,2066,2034,1911,1960,1867,1857,1898,1881,1872,1827,1752,1721,1711,1731,1733,1714,1664,1711,1650,1645,1648,1634,1582,1571,1515,1535,1524,1491,1501,1427,1416,1355,1384,1350,1314,1285,1263,1228,1231,1239,1210,1217,1137,1118,1140,1178,1172,1243,1192,1199,1200,1133,1107,1091,1066,1087,1064,987,996,983,978,980,990,959,1014,945,1002,951,974,899,922,907,964,885,911,934,903,904,927,931,932,953,923,905,865,868,866,862,894,817,807,826,826,830,861,871,855,840,812,743,763,746,649,659,631,653,651,646,633,653,609,667,632,683,625,636,637,639,643,675,668,696,698,687,693,697,727,726,709,705,682,687,667,710,721,720,730,758,718,746,740,725,702,731,760,770,760,792,777,779,745,760,717,731,697,746,710,705,725,693,705,700,691,714,711,727,763,757,802,779,804,807,813,771,792,739,741,728,730,728,727,690,721,724,729,732,723,710,669,669,643
3062,3500,2896,2868,2711,2644,2529,2485,2377,2366,2295,2219,2174,2140,2070,2075,1966,1918,1819,1703,1729,1670,1737,1666,1679,1646,1659,1609,1575,1526,1536,1539,1544,1479,1542,1481,1482,1448,1439,1387,1421,1383,1382,1374,1350,1360,1351,1327,1362,1327,1343,1329,1298,1274,1278,1280,1341,1267,1310,1273,1217,1255,1151,1154,1124,1135,1138,1125,1087,1064,1036,1012,1060,986,1029,1011,1037,1029,1051,959,978,948,981,948,984,1000,974,938,938,892,874,878,879,916,883,915,889,953,984,962,951,983,978,1007,1006,1006,969,981,942,938,927,936,956,909,916,945,940,946,941,914,975,970,973,990,1040,1004,985,938,915,962,962,1001,964,987,939,887,904,897,833,827,843,869,870,898,877,909,870,945,875,915,840,821,765,772,688,754,727,759,700,702,684,704,678,723,718,721,743,729,739,696,705,747,737,750,760,797,764,813,807,824,831,807,794,788,843,822,861,867,870,862,845,853,834,834,839,806,806,865,872,881,856
2965,3412,2889,2850,2678,2622,2499,2451,2388,2357,2250,2207,2171,2022,2084,1960,2051,2007,2074,2038,1990,1992,1922,1881,1849,1830,1762,1755,1703,1650,1657,1593,1577,1465,1512,1475,1449,1383,1363,1371,1352,1380,1370,1384,1429,1407,1382,1343,1322,1311,1298,1297,1283,1237,1243,1243,1186,1145,1161,1167,1184,1187,1150,1141,1138,1115,1147,1158,1159,1140,1117,1137,1094,1109,1102,1133,1078,1116,1029,1059,1009,1000,1007,1024,1015,1005,945,936,947,950,939,942,937,972,940,910,949,919,919,919,951,981,987,967,922,912,887,838,866,874,902,871,902,923,891,878,903,916,923,945,905,928,951,950,933,911,900,887,927,924,912,879,876,850,831,846,844,832,814,781,794,776,793,771,758,772,747,765,738,750,748,757,809,773,838,816,849,829,827,855,851,828,790,797,817,778,775,780,763,771,727,777,777,815,834,844,838,847,851,843,835,796,810,824,847,876,837,873,808,888,815,858,856,874,893,898,922,985,918,985,935
3000,3364,2944,2829,2698,2672,2582,2407,2459,2338,2219,2196,2028,1974,1939,1926,1846,1818,1815,1779,1718,1667,1608,1596,1507,1562,1496,1507,1499,1516,1436,1381,1359,1362,1340,1387,1328,1290,1295,1336,1303,1314,1278,1297,1226,1263,1221,1222,1264,1212,1227,1162,1207,1175,1246,1198,1219,1245,1204,1175,1265,1111,1073,1065,1081,1090,1118,1061,1084,1098,1057,1123,1113,1117,1106,1098,1119,1088,1116,1118,1112,1155,1119,1095,1066,1100,1042,1042,1041,1006,995,946,1013,999,1005,1059,978,961,905,877,901,864,911,880,906,942,943,961,960,903,939,894,888,845,880,862,862,884,852,886,853,885,892,872,886,893,907,912,934,908,908,887,875,888,922,893,898,891,910,914,880,906,864,868,855,861,867,880,827,838,834,864,843,846,828,809,830,805,747,771,758,765,723,765,784,763,757,795,726,716,742,760,752,788,772,756,774,813,773,762,770,790,783,811,760,761,759,755,735,753,753,756,758,708,708,684,699,705,714,717,709
2942,3489,2749,2701,2517,2390,2316,2247,2199,2126,2034,1975,1954,1920,1797,1754,1746,1722,1665,1707,1567,1602,1661,1653,1641,1622,1596,1616,1566,1539,1489,1518,1530,1506,1539,1470,1408,1343,1355,1334,1279,1282,1239,1197,1241,1196,1203,1169,1130,1128,1053,1061,1040,1083,1088,1089,1078,1067,1057,1082,1094,1034,1084,1095,1095,1071,1131,1097,1127,1081,1032,1058,1036,1030,992,993,1016,1051,1039,1058,1072,1057,1044,993,982,970,1022,997,1027,997,1037,1011,1056,1030,1028,983,1020,1001,1005,1035,996,953,927,923,914,879,890,870,934,906,879,891,865,861,860,877,843,878,884,933,893,896,888,866,894,881,899,885,913,889,883,903,904,912,911,903,873,901,905,920,891,927,889,945,900,878,895,890,873,862,847,824,843,812,811,784,763,762,793,763,772,776,787,761,819,809,818,792,807,815,782,798,764,787,744,788,760,794,798,805,805,812,808,765,782,780,780,825,816,849,834,867,852,888,839,864,860,848,873,863,860
2948,3410,2852,2881,2664,2565,2483,2443,2316,2231,2148,2064,2031,2029,1915,1916,1804,1853,1624,1658,1635,1612,1536,1571,1600,1616,1499,1498,1451,1424,1421,1494,1391,1415,1359,1335,1329,1366,1320,1342,1279,1321,1236,1226,1220,1229,1205,1267,1204,1230,1189,1162,1144,1136,1122,1051,1096,974,984,949,950,936,952,934,881,869,873,837,880,877,871,893,846,875,821,849,840,867,863,865,838,844,867,867,872,850,851,824,867,843,838,845,820,798,819,739,753,775,758,747,747,742,725,738,725,784,791,807,821,839,828,811,797,823,764,764,786,785,780,770,728,761,742,730,727,709,716,711,742,723,727,713,723,710,729,721,718,701,706,718,781,763,756,790,773,773,836,850,848,841,835,813,835,845,833,862,835,858,807,800,795,772,793,803,764,755,724,766,764,782,787,804,786,826,810,835,859,865,845,852,873,834,852,782,820,801,843,805,807,860,832,840,826,836,837,842,814,761,754,727,708
3013,3521,2876,2838,2711,2656,2607,2503,2358,2331,2245,2139,2125,2108,2031,1936,1896,1907,1855,1812,1725,1682,1639,1623,1601,1570,1587,1627,1601,1593,1498,1517,1531,1522,1529,1557,1494,1493,1550,1545,1477,1504,1534,1472,1442,1433,1473,1434,1427,1346,1347,1287,1324,1279,1287,1198,1195,1163,1155,1124,1127,1113,1080,1104,1105,1109,1145,1113,1159,1102,1104,1146,1172,1161,1200,1205,1148,1153,1140,1167,1184,1165,1177,1181,1195,1191,1119,1141,1113,1087,1111,1080,1094,1128,1124,1175,1091,1099,1052,1085,1089,1003,1017,1038,963,1004,976,967,975,988,927,950,922,930,889,903,899,936,871,884,809,821,776,829,786,785,833,828,825,849,825,826,826,796,798,826,845,804,846,807,860,779,843,793,789,818,752,809,785,780,746,802,776,792,798,782,772,807,831,875,857,838,836,878,874,876,853,880,887,894,908,923,980,990,1012,994,965,983,928,936,949,946,915,931,856,883,852,871,867,856,829,837,882,855,854,847,822,799,829,804,812
3044,3322,2930,2899,2707,2624,2545,2530,2482,2391,2294,2106,2094,2030,2019,1909,1862,1788,1751,1725,1694,1697,1606,1715,1667,1631,1613,1571,1522,1484,1457,1472,1494,1442,1458,1384,1418,1371,1415,1381,1390,1464,1392,1391,1398,1372,1371,1366,1383,1337,1307,1319,1302,1302,1290,1335,1313,1265,1301,1244,1280,1246,1259,1258,1293,1314,1248,1226,1276,1264,1239,1260,1214,1260,1236,1281,1207,1223,1172,1155,1141,1217,1168,1130,1107,1116,1080,1058,1030,1031,1016,1034,997,1000,937,949,932,978,937,967,941,957,973,969,956,954,956,930,953,954,936,886,889,874,909,880,901,905,903,942,968,955,936,898,898,884,902,891,919,886,880,888,855,877,923,881,928,890,886,879,901,891,885,925,913,911,911,955,917,902,922,915,917,917,887,914,867,894,877,950,900,897,904,896,903,822,922,830,886,843,842,799,830,860,861,855,844,868,896,904,896,897,899,918,871,932,857,877,821,831,828,836,803,875,866,859,862,821,775,824,798
2990,3445,2945,2907,2764,2691,2475,2403,2349,2277,2274,2182,2137,2080,2052,1894,1871,1854,1889,1825,1780,1786,1753,1731,1701,1720,1654,1647,1685,1588,1588,1531,1537,1486,1514,1489,1444,1421,1432,1408,1345,1267,1226,1236,1259,1183,1135,1184,1153,1193,1180,1197,1168,1224,1204,1208,1216,1267,1289,1254,1280,1315,1247,1263,1251,1214,1229,1212,1201,1223,1198,1165,1170,1098,1088,1102,1091,1109,1042,1071,1028,1024,965,1016,975,1001,1015,1028,1040,1091,1129,1094,1115,1132,1140,1125,1119,1095,1105,1066,1057,1029,1074,1036,1023,1015,978,1008,1039,991,942,993,1019,1049,1062,1028,1085,1008,994,1052,1022,969,963,909,886,930,869,886,899,919,871,910,913,921,935,960,932,938,927,934,923,927,887,924,947,892,921,945,982,965,1022,1002,1008,1009,971,1009,958,995,960,930,936,958,946,941,987,963,961,980,982,997,1015,1010,976,1012,963,994,1016,996,1029,1040,1011,1033,1039,1004,1028,994,968,994,990,969,985,955,948,995,920,896,873,884,884,897,873
2945,3309,2844,2746,2548,2492,2352,2255,2164,2163,2123,2019,1993,1929,1840,1769,1754,1617,1648,1539,1527,1502,1490,1476,1458,1476,1439,1442,1391,1409,1365,1392,1412,1430,1459,1391,1345,1330,1368,1311,1343,1335,1401,1276,1286,1283,1297,1305,1333,1341,1291,1329,1240,1252,1237,1246,1236,1206,1194,1210,1208,1242,1279,1249,1258,1241,1265,1208,1199,1188,1289,1239,1254,1195,1196,1182,1197,1203,1231,1148,1109,1103,1049,1033,1068,1060,1046,1059,1003,1019,1043,969,965,934,1029,1012,1026,963,981,932,958,960,940,998,939,955,901,898,918,916,911,939,970,967,991,1010,976,963,964,958,953,939,992,977,965,999,979,1014,973,1020,956,984,908,977,924,947,919,945,891,910,890,914,870,885,917,903,918,905,888,876,902,923,922,922,934,951,968,963,934,959,941,968,928,927,884,911,926,930,887,896,871,872,817,796,789,786,790,769,790,762,804,752,746,739,716,747,761,771,765,755,792,753,764,786,746,758,706,743,738,789,785
2947,3253,2840,2759,2600,2518,2424,2326,2249,2146,2151,2040,2016,1932,1954,1884,1872,1901,1830,1812,1769,1775,1706,1645,1653,1612,1625,1578,1547,1587,1564,1538,1546,1504,1502,1516,1437,1471,1436,1424,1436,1415,1360,1378,1373,1409,1366,1368,1312,1347,1324,1363,1350,1317,1335,1355,1344,1334,1332,1360,1340,1255,1291,1298,1309,1312,1291,1305,1293,1360,1311,1315,1277,1263,1262,1244,1325,1235,1259,1208,1202,1169,1185,1142,1150,1100,1177,1203,1180,1192,1133,1111,1076,1110,1054,1099,1047,1070,1108,1105,1111,1095,1107,1109,1107,1113,1132,1113,1108,1101,1108,1085,1062,1054,1063,1092,1068,1081,1055,1042,1029,1043,1005,975,1001,984,953,934,966,945,934,899,900,862,830,883,865,861,862,898,867,902,871,847,823,819,810,832,786,819,813,853,820,867,859,909,902,941,962,966,917,913,903,916,912,926,917,893,962,914,904,935,905,892,888,902,959,919,912,941,964,1025,1006,1031,1000,1013,1013,1055,969,973,920,961,928,922,915,891,893,897,852,861,877
3010,3427,2928,2937,2695,2641,2373,2393,2236,2247,2103,2063,2061,1923,1921,1824,1813,1769,1673,1698,1619,1708,1680,1630,1669,1611,1598,1581,1595,1543,1527,1495,1482,1456,1477,1395,1418,1421,1395,1366,1420,1324,1352,1297,1289,1286,1333,1309,1221,1256,1267,1228,1209,1166,1204,1216,1246,1191,1197,1103,1106,1102,1144,1138,1160,1134,1133,1112,1110,1096,1092,1086,1095,1086,1053,1121,1094,1024,1067,998,1019,1000,1010,1014,987,965,958,1001,992,1017,975,962,941,942,941,961,966,939,940,923,954,904,897,954,883,901,892,922,894,890,892,902,831,863,826,863,801,865,869,852,885,846,913,882,859,875,886,887,919,942,910,914,875,878,918,873,913,869,854,862,899,909,908,933,927,896,892,918,913,932,954,953,986,976,1018,973,967,988,1026,957,947,905,946,930,986,946,932,884,890,892,865,892,873,917,897,878,858,857,904,846,847,849,880,913,893,915,926,865,862,818,813,753,770,748,787,772,765,746,758,769,739
3042,3477,2972,2869,2706,2676,2486,2444,2394,2282,2179,1969,1931,1842,1833,1800,1821,1703,1777,1646,1670,1649,1561,1641,1535,1552,1487,1516,1445,1403,1441,1439,1495,1414,1449,1358,1427,1369,1418,1313,1403,1353,1395,1372,1391,1374,1365,1351,1315,1311,1291,1276,1342,1279,1291,1276,1290,1251,1262,1264,1285,1231,1279,1253,1255,1271,1163,1154,1159,1135,1177,1146,1142,1146,1085,1098,1093,1116,1046,984,974,972,950,918,911,922,950,925,923,946,906,1013,1000,983,998,992,975,961,1010,919,894,836,853,827,859,847,869,901,891,939,894,907,948,931,946,970,1001,956,947,917,870,883,883,926,946,987,933,913,862,863,868,846,847,853,866,850,899,849,873,840,851,850,883,856,857,826,850,827,815,846,815,834,824,859,781,814,793,843,804,828,813,856,842,845,869,867,838,874,848,858,873,835,881,843,841,867,825,861,820,796,813,808,774,811,808,852,851,818,834,811,796,787,779,793,782,801,772,799,792,825,818
3081,3460,2990,2873,2754,2590,2463,2470,2416,2367,2315,2226,2154,2201,2126,2077,2004,2027,2015,2045,1903,1865,1836,1791,1697,1720,1692,1611,1605,1590,1601,1512,1475,1446,1432,1412,1391,1341,1358,1368,1331,1395,1368,1416,1393,1346,1296,1294,1360,1300,1301,1313,1297,1296,1267,1240,1246,1254,1272,1248,1230,1286,1240,1272,1217,1230,1248,1233,1204,1222,1227,1176,1192,1133,1141,1121,1109,1141,1182,1079,1121,1107,1080,1121,1129,1165,1170,1165,1170,1166,1146,1137,1144,1016,1050,1049,1070,1081,1096,1112,1083,1152,1053,1082,1042,1056,1033,1108,1130,1113,1110,1152,1116,1151,1112,1145,1117,1122,1152,1113,1121,1142,1137,1110,1072,995,1069,997,1024,977,995,998,1028,1017,997,1020,1031,1065,1082,1103,1051,1075,1072,1086,1152,1142,1106,1109,1126,1098,1104,1099,1123,1141,1112,1101,1100,1011,1053,1018,1021,1026,1002,1004,1015,1055,990,992,983,1001,963,994,973,1001,967,987,984,1012,979,1018,1030,1025,1017,1040,1032,1038,1053,1062,1049,1041,1021,1085,1077,1136,1101,1102,1072,1084,1081,1032,1058
2961,3278,2856,2894,2612,2546,2559,2506,2424,2397,2160,2162,2070,2005,1904,1874,1912,1865,1884,1865,1882,1797,1852,1749,1755,1753,1696,1739,1677,1605,1623,1587,1567,1562,1574,1507,1521,1508,1505,1504,1524,1507,1441,1422,1402,1417,1353,1287,1272,1262,1288,1261,1268,1211,1206,1199,1213,1164,1138,1177,1127,1128,1067,1093,1148,1145,1128,1139,1117,1147,1117,1137,1142,1091,1148,1093,1174,1162,1173,1143,1114,1071,1051,1060,1077,1119,1116,1124,1116,1112,1117,1139,1085,1160,1061,1151,1094,1086,1080,1072,1032,1080,1081,1096,1112,1093,1074,1018,1056,1036,1054,1059,1074,1031,1031,1002,999,942,911,915,897,943,868,885,861,820,852,864,874,853,857,860,905,908,924,917,943,937,953,950,969,921,916,917,907,913,884,840,807,821,791,823,788,848,793,808,843,834,781,873,805,870,802,837,805,815,805,849,803,849,831,829,866,867,837,824,799,803,793,812,814,776,751,767,759,757,761,774,759,763,794,776,735,727,672,665,674,651,659,683,712
3008,3523,2924,2898,2672,2577,2430,2331,2188,2133,2121,2082,2031,1997,1932,1909,1896,1871,1804,1710,1622,1621,1557,1479,1520,1505,1514,1538,1515,1499,1467,1401,1386,1433,1424,1420,1383,1335,1322,1328,1268,1281,1201,1139,1145,1175,1154,1187,1156,1205,1179,1172,1183,1188,1148,1068,1122,1073,1118,1086,1043,995,1013,1037,997,1037,1065,1038,1086,1045,1049,996,1012,1016,1028,1040,1032,1092,1086,1088,1039,1004,991,1036,1022,1013,1075,1036,1034,1023,1041,986,1022,1023,1003,994,1022,974,992,995,972,985,965,1002,1012,951,944,945,978,918,920,965,946,913,942,953,957,944,956,905,926,918,951,894,893,873,880,889,917,914,860,892,837,834,827,790,782,804,813,810,846,864,901,862,869,879,883,903,866,901,851,880,848,844,830,871,882,848,815,802,831,829,810,806,790,830,848,830,848,880,897,918,901,963,890,922,856,849,802,812,843,790,781,782,819,784,812,781,841,826,855,825,850,853,863,885,874,899,889,867,841
3097,3447,3035,2900,2807,2655,2539,2457,2456,2262,2284,2103,2044,1953,1927,1840,1773,1752,1771,1737,1725,1657,1706,1695,1567,1580,1552,1576,1650,1560,1585,1598,1596,1556,1529,1448,1424,1408,1411,1413,1396,1459,1445,1465,1434,1432,1380,1393,1371,1397,1351,1321,1353,1314,1338,1283,1269,1275,1253,1238,1243,1186,1149,1174,1107,1171,1108,1191,1113,1150,1080,1044,1068,1063,1093,1122,1184,1078,1099,1054,1059,1126,1060,1073,1021,1056,1039,1094,1057,1130,1049,1047,978,1001,1035,1008,1031,1009,1053,1018,1073,1018,1042,1049,1111,1060,1122,1046,1108,1050,1060,1042,1069,1025,1108,1036,1054,984,1005,991,1084,1013,1089,1032,1042,1023,1050,1043,1051,995,1097,1009,1082,1013,1010,945,1003,994,1040,1015,1000,952,957,925,887,885,894,872,879,873,889,855,877,861,873,905,871,904,843,859,834,873,867,843,914,845,878,848,825,823,809,825,908,880,962,927,949,880,898,869,916,928,923,928,938,910,919,925,894,929,946,938,948,987,987,976,983,966,965,919,927
2976,3428,2904,2876,2639,2465,2396,2293,2272,2174,2217,2141,2006,1959,1857,1877,1792,1784,1830,1789,1797,1690,1663,1635,1569,1524,1528,1526,1476,1463,1432,1425,1433,1436,1409,1336,1300,1315,1293,1243,1221,1159,1129,1167,1181,1166,1149,1205,1212,1196,1175,1180,1188,1223,1143,1161,1149,1138,1109,1185,1146,1165,1164,1162,1130,1152,1116,1092,1108,1057,1056,1034,1018,1081,1050,1118,1102,1152,1142,1090,1101,1059,1081,1065,1062,1040,1018,1040,1060,1117,1122,1052,1050,1051,1019,953,989,913,949,882,903,822,842,833,828,840,866,856,877,873,881,849,865,831,860,821,802,812,806,827,853,821,861,833,865,860,861,839,839,847,876,892,881,884,898,841,832,829,822,768,786,769,794,764,781,752,728,765,721,710,747,658,661,658,664,646,610,627,604,621,600,595,610,630,629,696,665,674,661,639,643,649,660,663,681,699,721,707,701,753,728,780,727,773,749,764,711,748,764,796,758,749,770,785,782,756,760,785,762,784,739
2995,3394,2892,2785,2627,2520,2349,2208,2199,2084,2100,1981,1954,1903,1845,1769,1759,1691,1713,1663,1566,1569,1534,1485,1484,1512,1526,1467,1455,1370,1365,1328,1351,1330,1346,1349,1369,1332,1443,1369,1361,1289,1280,1233,1229,1185,1181,1160,1145,1117,1157,1083,1093,1089,1034,1077,1087,1021,1033,1007,1037,1004,965,972,963,956,1004,926,1002,978,983,961,993,963,1019,996,994,963,995,968,1019,972,973,934,904,920,919,947,913,902,929,894,920,926,968,963,939,863,856,886,870,925,925,923,953,960,935,980,912,928,887,939,925,893,881,905,873,893,879,870,854,865,838,888,855,915,857,891,855,851,817,844,832,848,820,862,805,832,815,824,817,825,817,806,793,785,771,813,790,818,785,810,801,840,834,848,869,871,860,895,912,925,958,976,991,994,1018,996,1069,966,951,888,908,845,863,856,849,814,842,832,846,888,865,893,902,939,954,955,974,1016,988,1005,1016,964,962,940,955,972,995,1024,992
2971,3444,2965,2756,2599,2467,2387,2275,2207,2195,2075,2043,2040,1961,1928,1854,1883,1779,1747,1633,1575,1588,1534,1544,1510,1543,1490,1454,1409,1457,1471,1378,1325,1270,1347,1316,1253,1323,1235,1248,1272,1276,1267,1270,1213,1222,1183,1217,1163,1150,1148,1151,1107,1128,1146,1117,1157,1138,1188,1146,1206,1178,1191,1218,1153,1120,1145,1119,1109,1115,1009,1021,1002,1030,1032,1009,1019,1015,1016,1031,1038,1062,1058,1021,1029,1042,1059,1010,972,974,970,959,926,912,920,898,900,849,891,890,903,883,871,879,901,886,924,902,884,900,842,831,843,811,810,798,757,786,775,769,752,771,767,816,749,736,725,671,673,667,701,685,716,710,710,729,730,717,709,694,690,714,714,739,720,699,729,681,718,717,711,697,701,687,646,646,657,680,660,692,648,677,688,684,713,675,687,694,694,719,668,684,674,696,686,682,678,669,703,704,715,676,697,695,712,713,723,715,686,696,730,691,732,664,701,670,670,655,677,668,655
2971,3380,2939,2865,2811,2680,2566,2527,2498,2398,2390,2326,2392,2245,2254,2167,2088,2062,1920,1952,1868,1900,1714,1762,1648,1634,1586,1607,1574,1549,1440,1464,1361,1388,1387,1381,1371,1370,1381,1352,1311,1370,1340,1330,1261,1284,1237,1218,1206,1206,1255,1257,1214,1130,1183,1166,1164,1094,1182,1095,1145,1078,1028,1014,985,953,958,931,939,906,891,880,892,842,882,896,897,877,838,858,823,804,863,839,862,859,880,850,844,820,857,849,861,877,882,875,936,980,953,952,975,998,975,995,956,994,964,957,957,967,853,873,826,864,872,858,853,867,850,857,876,884,892,885,840,860,850,817,828,815,771,777,737,758,774,780,760,770,805,790,802,839,814,816,819,820,830,812,822,809,821,795,795,802,830,777,760,753,793,730,769,741,807,765,720,745,738,723,754,689,693,703,701,678,693,679,668,668,683,671,655,659,674,675,693,692,693,695,713,689,657,693,679,662,647,652,665,642,673,662,630
2956,3347,2882,2884,2689,2552,2463,2330,2279,2210,2176,2066,2088,1988,1924,1892,1809,1880,1834,1789,1776,1746,1690,1638,1584,1551,1543,1504,1450,1433,1393,1422,1403,1374,1390,1326,1322,1286,1335,1310,1254,1303,1244,1209,1221,1160,1185,1143,1225,1210,1231,1151,1134,1089,1087,1112,1128,1086,1094,1100,1095,1078,1111,1059,1074,1001,1030,972,977,971,1017,993,1073,1016,1051,1010,999,1015,968,1059,975,990,978,949,909,908,922,904,897,903,867,848,868,807,837,796,861,837,905,891,877,894,860,887,837,890,897,925,941,964,931,922,892,859,894,898,861,855,832,858,868,863,849,851,926,854,845,773,828,794,812,792,772,758,747,753,744,749,726,746,710,715,723,722,744,743,746,728,748,755,748,796,769,779,764,744,733,732,703,722,719,702,726,759,748,824,791,809,779,777,769,736,705,703,749,719,765,750,772,767,789,785,781,778,768,735,738,766,779,774,768,773,793,762,736,724,729,720,695,700,667
3112,3499,2960,2911,2691,2679,2581,2579,2366,2323,2222,2170,2031,2059,1950,1935,1824,1785,1808,1772,1755,1682,1629,1735,1706,1708,1667,1597,1596,1554,1513,1457,1496,1443,1467,1418,1416,1456,1385,1346,1309,1246,1241,1181,1186,1169,1168,1208,1181,1177,1186,1176,1236,1171,1241,1222,1227,1223,1246,1165,1144,1127,1067,1071,1022,1062,1065,1084,1076,1136,1040,1092,1008,1025,1064,1005,1022,984,1020,1007,1029,967,998,995,1025,1049,1037,1000,996,1043,992,1016,1015,1036,1063,1074,1078,1076,1119,1166,1107,1134,1124,1166,1173,1117,1146,1146,1147,1125,1120,1132,1127,1158,1094,1097,1086,1065,1075,1091,1083,1109,1091,1169,1107,1125,1144,1041,1098,1101,1057,1027,1088,1028,1013,1003,990,1007,977,992,931,906,890,932,942,914,947,923,914,955,953,942,929,927,928,923,912,916,871,918,887,917,934,913,913,948,877,906,889,901,915,880,919,907,943,920,916,974,949,973,951,933,913,848,859,802,805,788,806,793,838,778,816,777,778,775,761,753,801,760,831
3124,3621,2975,2827,2628,2589,2515,2403,2264,2189,2131,2093,2027,1941,1989,1889,1938,1841,1819,1778,1753,1599,1668,1549,1590,1465,1441,1393,1462,1384,1433,1480,1405,1428,1322,1424,1430,1416,1442,1295,1259,1219,1209,1213,1167,1196,1194,1207,1174,1165,1106,1130,1073,1039,1006,1016,1050,1017,1059,1004,1015,1050,1024,1060,1066,1083,1079,1095,1112,1107,1094,1108,1093,1109,1132,1160,1139,1159,1164,1129,1097,1089,1102,1110,1136,1093,1068,1069,1055,1027,991,992,986,976,973,966,920,925,933,956,958,956,969,997,996,1002,971,977,937,905,892,933,878,906,924,946,938,962,940,952,984,1013,1037,1033,982,998,973,975,945,932,921,922,910,883,909,877,862,876,891,882,899,865,891,846,883,886,880,894,920,952,961,969,959,981,970,964,971,975,965,956,942,921,899,890,870,904,865,838,858,858,861,859,876,857,914,812,834,805,833,822,856,836,840,855,806,811,806,791,813,821,820,856,847,873,844,846,832,797,820,829,831
3032,3353,2971,2878,2830,2638,2592,2391,2425,2280,2276,2038,2055,2026,2081,1987,1897,1906,1879,1933,1857,1923,1843,1840,1783,1744,1676,1618,1561,1664,1592,1606,1474,1475,1446,1383,1353,1376,1353,1375,1329,1305,1298,1275,1311,1283,1248,1280,1247,1218,1203,1225,1214,1222,1175,1202,1204,1142,1099,1106,1047,1027,1001,1039,986,1071,978,1049,1086,1128,1046,1024,1035,999,953,950,943,909,883,860,816,800,780,812,758,774,767,737,730,754,724,753,776,791,784,787,779,792,799,835,816,791,763,755,762,756,744,739,713,725,741,755,712,760,751,733,724,730,737,716,717,702,683,712,652,716,663,665,644,620,635,635,661,595,617,555,528,544,527,548,533,565,538,559,538,544,553,570,571,571,561,554,536,534,550,538,564,562,587,548,542,533,574,553,569,540,562,568,589,568,596,562,616,551,599,553,577,570,586,592,581,600,624,616,630,632,652,650,690,653,654,665,671,675,672,644,672,686,685,675,682
2980,3389,2929,2774,2630,2597,2425,2388,2294,2268,2121,2073,2082,2066,2007,2034,1929,1932,1792,1843,1753,1817,1823,1870,1863,1895,1869,1851,1968,1917,1912,1859,1825,1798,1730,1687,1646,1536,1527,1446,1403,1358,1416,1364,1411,1360,1372,1362,1285,1321,1345,1368,1345,1247,1265,1285,1271,1316,1273,1253,1228,1233,1201,1194,1184,1122,1124,1147,1153,1138,1208,1148,1211,1146,1142,1103,1067,1063,1031,1027,994,1001,1014,1032,1001,986,982,1012,965,1016,948,992,939,918,912,846,828,827,820,842,830,828,826,835,832,859,856,833,862,823,854,796,782,830,813,844,838,872,848,819,870,788,786,806,788,784,777,801,811,828,815,838,836,819,741,808,757,804,780,783,805,761,792,788,736,729,722,754,767,748,735,746,750,751,789,821,798,788,790,804,794,779,772,796,783,835,799,834,804,872,832,820,835,811,771,777,816,812,843,821,813,823,863,867,859,871,835,845,894,890,829,861,823,845,832,837,827,863,842,842,833
2994,3342,2899,2823,2657,2597,2579,2403,2415,2317,2289,2306,2108,2153,2077,2026,1952,1938,1925,1808,1772,1780,1745,1756,1684,1682,1617,1583,1508,1519,1445,1440,1381,1357,1341,1417,1360,1374,1354,1392,1334,1337,1285,1266,1272,1234,1224,1260,1211,1214,1214,1260,1189,1224,1177,1201,1120,1128,1073,1090,1129,1097,1098,1075,1100,1021,1066,1041,1106,1014,1039,1067,1049,998,971,934,970,950,987,978,1023,1038,1042,963,1008,961,959,941,957,994,963,955,950,973,980,995,1042,1007,1016,983,997,1036,1031,1077,1078,1080,1125,1085,1032,1048,1052,1011,1004,1033,960,1015,910,932,904,891,887,899,885,943,934,923,931,942,964,1015,954,1014,1009,1056,994,1037,1024,1051,1050,1099,1110,1170,1142,1184,1146,1102,1139,1109,1115,1124,1180,1176,1145,1174,1195,1167,1206,1244,1205,1259,1244,1279,1263,1234,1192,1197,1153,1196,1157,1174,1138,1135,1120,1099,1126,1158,1163,1202,1126,1156,1129,1077,1113,1069,1123,1057,1109,1094,1101,1090,1050,1026,1050,1038,1031,1047,1048,1096,1045,1043,1013
2983,3466,2926,2796,2712,2605,2539,2414,2466,2249,2217,2150,2078,2042,1949,1871,1828,1784,1747,1720,1747,1679,1644,1726,1645,1668,1615,1572,1520,1458,1480,1462,1442,1396,1393,1315,1349,1299,1366,1351,1320,1341,1320,1343,1326,1307,1296,1296,1288,1247,1244,1203,1215,1218,1259,1254,1310,1264,1276,1292,1304,1351,1239,1250,1167,1143,1090,1052,986,988,969,980,945,973,950,979,985,1029,1009,1005,1021,1047,1074,981,1073,970,1006,941,994,946,1010,978,988,928,932,934,948,901,930,950,995,1047,1049,1047,1054,1076,1028,1062,974,992,995,987,1017,1024,1020,1014,1045,1030,1062,1054,1064,1054,1061,1085,1071,1066,1009,1071,1042,1080,1092,969,997,960,955,932,894,903,830,820,847,844,892,859,853,869,875,855,889,871,886,914,893,920,882,903,906,873,890,921,909,862,855,874,836,845,812,842,849,807,805,848,820,837,874,893,863,919,931,905,955,923,961,908,950,931,917,931,875,858,876,901,875,906,859,934,848,854,849,819,864
2995,3488,2939,2844,2721,2569,2441,2395,2318,2229,2088,2095,1976,1888,1895,1819,1829,1761,1841,1808,1826,1806,1707,1705,1704,1610,1528,1567,1546,1556,1560,1561,1494,1511,1526,1522,1584,1544,1539,1532,1531,1485,1466,1463,1456,1374,1370,1358,1335,1293,1287,1269,1273,1294,1317,1261,1222,1192,1201,1225,1253,1210,1234,1192,1216,1154,1208,1190,1222,1183,1146,1171,1187,1221,1214,1206,1178,1154,1139,1113,1110,1121,1096,1127,1094,1067,1054,1042,1070,1072,1059,1116,1067,1076,1051,1027,1026,1039,1025,1086,1078,1092,1055,1103,1099,1093,1032,1062,1067,990,974,971,937,902,825,839,819,812,824,866,846,849,839,860,853,858,858,835,864,864,878,835,882,837,848,849,831,852,820,881,866,887,923,891,893,882,857,827,820,820,769,817,778,737,732,713,725,698,737,683,659,651,666,642,652,660,661,665,663,678,662,665,656,665,680,670,688,691,695,733,683,705,700,712,716,713,710,734,754,722,729,713,727,723,719,782,756,774,802,796,773
3080,3512,2987,2830,2656,2563,2400,2344,2275,2162,2100,2018,2041,1987,1996,1958,1912,1906,1773,1714,1715,1669,1706,1651,1660,1694,1647,1590,1573,1597,1511,1564,1531,1528,1546,1559,1555,1548,1514,1514,1558,1565,1553,1452,1489,1422,1369,1360,1322,1322,1286,1328,1262,1270,1221,1216,1182,1146,1144,1150,1161,1142,1190,1153,1211,1160,1187,1157,1131,1115,1114,1123,1152,1132,1160,1105,1113,1086,1100,1038,1054,1028,986,984,888,940,893,949,956,975,995,993,972,988,957,955,958,982,944,967,950,954,913,921,873,902,863,895,867,921,898,872,869,841,865,818,847,875,853,861,841,849,838,846,850,879,856,856,869,869,884,891,893,891,887,878,852,896,850,894,886,822,860,877,851,835,857,820,866,829,852,789,787,768,766,776,787,780,756,817,741,760,743,761,802,785,777,772,720,703,669,653,657,640,655,649,650,657,648,649,638,651,617,636,647,658,706,709,729,709,729,683,712,674,654,596,634,601,615,600,578
3067,3443,3010,2924,2748,2727,2598,2573,2401,2261,2214,2058,2096,1974,2016,1935,1939,1914,1865,1931,1837,1868,1792,1787,1757,1735,1735,1724,1633,1624,1524,1614,1490,1483,1424,1431,1324,1338,1334,1258,1277,1288,1292,1246,1289,1259,1276,1282,1289,1359,1304,1339,1283,1292,1276,1255,1292,1286,1290,1241,1259,1302,1207,1242,1224,1162,1249,1190,1230,1145,1153,1201,1202,1224,1196,1163,1183,1173,1179,1139,1161,1211,1226,1188,1188,1140,1113,1106,1061,1076,1075,1041,1050,1036,1095,1110,1118,1150,1121,1078,1054,1058,1008,990,981,999,983,968,974,929,900,934,931,957,966,915,884,905,896,848,854,829,825,809,847,839,817,803,814,816,763,817,786,819,772,826,782,811,707,709,689,694,668,665,669,729,735,729,739,723,739,743,735,731,707,722,671,680,665,671,666,670,700,677,657,618,672,666,677,650,626,633,640,616,605,601,587,585,576,543,523,530,502,505,479,510,468,486,472,478,478,494,509,491,489,506,480,470,468,468,466
2915,3409,2836,2772,2671,2600,2495,2400,2255,2238,2163,2110,2066,1980,1952,1945,1890,1884,1814,1767,1804,1759,1760,1697,1643,1545,1554,1549,1598,1616,1575,1571,1559,1547,1523,1476,1487,1441,1435,1399,1354,1327,1335,1362,1294,1270,1284,1242,1289,1299,1294,1302,1259,1240,1208,1180,1239,1176,1168,1162,1238,1217,1208,1230,1235,1215,1247,1252,1255,1274,1274,1254,1243,1206,1194,1211,1271,1244,1236,1250,1219,1260,1261,1213,1192,1211,1208,1177,1153,1181,1178,1210,1234,1102,1137,1105,1099,1100,1144,1128,1175,1142,1139,1099,1110,1139,1112,1073,1059,1002,1039,998,1033,971,1001,1023,1014,1037,1073,1038,1061,1063,1064,1044,1000,1022,992,982,987,961,940,932,890,878,866,880,812,779,766,772,792,778,760,767,721,735,726,756,763,751,746,776,780,772,787,757,748,749,727,763,736,768,764,768,765,752,768,722,745,757,717,773,773,794,788,839,760,764,782,783,771,784,769,785,731,774,782,840,811,860,856,873,850,918,886,888,876,916,907,902,887
3037,3352,2932,2732,2782,2548,2543,2408,2344,2240,2158,2125,2063,2029,1992,1972,1945,1876,1881,1814,1743,1678,1649,1633,1618,1578,1512,1478,1505,1455,1347,1385,1302,1307,1196,1216,1160,1164,1204,1176,1202,1175,1230,1180,1230,1184,1210,1187,1230,1250,1211,1219,1263,1253,1150,1089,1060,1085,1136,1120,1087,1046,1078,1075,1056,1041,1097,1068,1099,1119,1090,1068,1076,1058,1055,1113,1106,1138,1080,1092,1083,1078,1050,1063,1028,1039,1016,1005,987,992,972,961,985,952,919,915,916,916,937,939,914,909,970,907,904,880,958,926,954,957,988,956,959,986,966,1016,980,986,974,990,1034,999,1004,984,957,1003,972,950,1002,966,1003,975,953,1033,938,956,910,905,899,884,855,803,796,767,786,712,741,691,693,683,664,671,690,700,710,712,728,711,733,765,721,704,684,685,701,707,698,682,678,697,707,697,703,721,724,722,698,702,690,681,727,702,735,702,723,658,665,625,620,596,604,594,580,576,527,535,505,490,499,535,509
2922,3392,2814,2861,2714,2532,2490,2403,2305,2258,2167,2154,2070,2023,1999,1908,1875,1797,1750,1714,1593,1610,1539,1555,1588,1530,1500,1440,1451,1455,1463,1479,1491,1435,1455,1402,1440,1370,1376,1315,1295,1309,1280,1314,1292,1300,1321,1337,1256,1241,1223,1190,1162,1070,1043,1055,1092,1141,1119,1087,1067,1053,1089,1030,1019,1033,1034,1040,931,1011,978,1005,1032,1019,1030,1019,1020,1032,1004,984,1003,891,926,861,919,888,910,860,851,837,863,834,869,826,853,851,902,903,943,935,959,946,949,925,944,933,869,873,884,872,833,823,821,806,809,787,812,791,872,832,837,863,863,856,888,845,870,859,876,837,842,865,882,913,941,977,929,968,957,965,945,954,917,935,943,928,932,986,1006,962,980,1022,964,1010,958,974,929,942,943,931,974,936,936,915,912,899,873,828,833,817,831,815,821,791,812,817,834,819,863,845,842,823,813,834,840,839,830,838,844,851,823,816,822,793,810,797,782,748,726,730,761
3112,3506,3064,2901,2744,2645,2597,2520,2500,2380,2314,2266,2278,2179,2125,2103,1963,2038,1933,1837,1742,1709,1699,1677,1645,1620,1535,1579,1530,1570,1526,1463,1518,1472,1471,1428,1447,1411,1420,1387,1363,1372,1307,1341,1235,1316,1327,1307,1216,1248,1251,1170,1166,1155,1133,1174,1072,1089,1115,1118,1101,1122,1133,1087,1129,1149,1152,1105,1092,1135,1089,1072,1091,1143,1127,1082,1085,1095,1110,1067,1115,1099,1056,1062,1038,1009,960,974,968,990,963,949,969,929,907,887,861,867,835,839,853,887,912,897,947,946,954,980,995,955,950,991,976,960,948,965,977,997,966,1025,978,1045,977,907,876,871,885,865,834,846,831,784,792,808,780,758,771,794,812,849,823,855,862,825,811,783,815,832,840,871,862,832,803,831,836,847,826,775,828,736,830,796,840,831,870,866,866,822,848,835,887,864,875,859,871,869,831,792,765,738,763,729,746,687,747,683,685,687,719,730,758,732,790,782,799,792,805,772,828,832,858
3031,3577,2864,2918,2688,2615,2515,2383,2306,2302,2187,2179,2073,2090,2037,1995,1954,1904,1797,1792,1713,1702,1654,1687,1621,1684,1655,1633,1579,1624,1529,1544,1510,1460,1369,1340,1338,1291,1339,1306,1231,1191,1161,1197,1136,1158,1163,1198,1211,1235,1195,1175,1212,1249,1232,1240,1177,1204,1197,1239,1213,1222,1224,1270,1187,1176,1215,1156,1233,1173,1211,1191,1222,1246,1267,1259,1251,1222,1217,1243,1272,1271,1201,1191,1146,1140,1149,1169,1164,1126,1137,1114,1121,1129,1108,1107,1151,1163,1073,1073,1020,1100,1031,1136,1082,1163,1095,1150,1096,1094,1110,1073,1087,1100,1054,1096,1058,1067,1061,1040,1019,1011,1007,1004,1011,983,976,1004,1021,1049,1066,1000,1041,1017,1050,1053,1096,1072,1032,1015,1002,970,1004,986,981,942,943,923,917,944,919,904,891,851,839,825,856,843,832,798,788,771,796,812,807,818,846,834,857,899,905,941,935,928,882,864,831,860,873,844,831,843,857,872,847,817,825,824,798,780,830,783,818,809,829,821,859,806,844,845,844
3049,3459,3011,2802,2664,2572,2342,2332,2253,2107,2044,2030,1923,1849,1815,1794,1827,1742,1741,1737,1683,1632,1568,1495,1510,1460,1419,1394,1391,1462,1339,1376,1329,1349,1298,1282,1238,1217,1220,1215,1175,1184,1142,1154,1130,1118,1146,1065,1106,1096,1094,1052,1096,1027,1052,1073,1073,1044,1061,1070,1075,1038,1061,1077,1041,1075,1038,1044,1045,1049,1056,1064,1128,1074,1126,1026,1105,1079,1123,1083,1102,1070,1082,981,1010,984,974,1002,939,979,923,890,910,934,896,932,944,902,960,944,959,926,961,972,1016,958,1029,999,959,984,961,1025,997,988,1003,980,1009,990,1008,974,986,994,1010,985,973,927,928,937,925,913,922,943,950,917,950,969,1004,1005,989,967,973,968,915,927,880,870,865,876,877,901,907,910,874,896,894,916,880,883,837,835,818,829,835,826,862,807,867,849,847,816,811,804,834,854,793,810,796,766,744,746,763,776,763,775,774,813,831,829,895,837,854,845,855,841,843,843,839,855,878,825,839
3018,3434,2832,2888,2740,2692,2587,2427,2403,2320,2340,2286,2266,2239,2240,2173,2164,1997,1978,1904,1857,1821,1783,1845,1672,1706,1625,1629,1643,1605,1574,1525,1516,1514,1489,1410,1434,1423,1384,1349,1319,1358,1331,1305,1262,1265,1262,1216,1260,1225,1282,1234,1281,1252,1309,1287,1256,1311,1298,1339,1300,1366,1272,1243,1271,1259,1302,1214,1271,1230,1206,1155,1148,1096,1150,1134,1057,1069,976,1032,970,1010,976,1007,962,948,930,900,889,910,949,940,977,993,1028,1012,1010,1015,976,995,974,1028,1005,1021,1003,996,952,926,904,901,889,921,920,943,912,962,936,950,969,960,931,957,905,909,902,855,865,862,872,873,894,882,895,914,919,942,966,959,954,976,1029,1007,991,959,966,945,969,939,913,884,933,952,987,977,1007,979,979,955,931,947,926,958,968,867,891,822,824,823,847,835,842,814,811,745,750,723,741,739,785,800,818,856,823,806,837,802,849,818,869,844,852,848,803,822,791,781,810,808,805,763,747
2951,3388,2887,2801,2642,2465,2416,2356,2202,2215,2107,2061,2012,2016,1991,1874,1916,1859,1814,1810,1785,1713,1667,1699,1680,1650,1591,1648,1603,1584,1588,1534,1571,1454,1454,1451,1414,1409,1343,1372,1402,1352,1386,1365,1389,1412,1357,1446,1350,1407,1337,1335,1299,1339,1259,1238,1211,1185,1185,1212,1189,1259,1183,1159,1155,1128,1148,1136,1143,1153,1171,1100,1074,1079,1061,1071,1069,1095,1086,1129,1051,1104,1047,1103,1064,992,969,929,946,944,962,972,969,973,1006,1012,961,952,982,939,976,956,964,959,942,979,966,999,930,962,890,878,866,864,856,876,826,811,801,789,782,774,781,826,796,805,784,812,756,771,762,788,763,785,752,779,736,737,751,707,739,737,744,751,790,787,809,783,787,801,838,827,841,864,824,830,805,756,766,773,787,792,827,813,818,830,846,815,823,843,831,815,817,836,880,870,866,887,879,918,899,936,863,863,890,889,917,956,899,881,912,889,967,908,915,892,866,888,885,887,907
3058,3452,2971,2916,2743,2663,2526,2383,2277,2216,2142,2026,2032,1977,1911,1833,1782,1773,1609,1649,1602,1612,1626,1523,1552,1527,1520,1504,1470,1504,1460,1416,1396,1315,1304,1271,1268,1236,1230,1177,1230,1187,1174,1192,1220,1228,1176,1137,1181,1163,1143,1147,1128,1118,1167,1138,1144,1147,1156,1167,1202,1183,1190,1130,1155,1104,1115,1130,1170,1152,1171,1223,1190,1213,1153,1219,1188,1236,1139,1136,1128,1124,1055,1089,1056,1038,1021,984,966,975,947,971,953,934,899,862,834,842,772,776,779,800,803,809,790,854,825,851,841,902,896,898,929,943,957,947,1000,1035,1073,1041,995,977,1021,981,1014,991,1038,1020,999,996,1030,999,973,964,942,1011,994,1011,976,964,967,948,922,937,911,972,923,924,881,891,911,901,888,939,920,940,868,879,878,874,889,804,838,777,779,787,799,790,811,810,797,786,765,768,763,750,726,767,720,763,741,784,776,803,807,798,761,736,782,754,785,775,735,760,734,736,753,778,752,790,786
3037,3430,2942,2876,2700,2641,2546,2396,2462,2333,2300,2154,2181,2162,2035,2001,1956,1870,1806,1760,1713,1711,1636,1606,1611,1582,1630,1587,1559,1566,1633,1569,1585,1547,1560,1512,1494,1442,1444,1473,1510,1457,1459,1445,1522,1438,1450,1417,1415,1422,1394,1409,1394,1424,1414,1385,1388,1360,1416,1440,1457,1390,1375,1268,1304,1281,1322,1313,1249,1276,1227,1267,1164,1227,1211,1235,1254,1246,1280,1280,1259,1264,1226,1235,1234,1174,1150,1113,1132,1123,1098,1188,1174,1173,1157,1217,1108,1102,1065,1090,1115,1151,1119,1133,1152,1145,1184,1157,1204,1139,1203,1129,1096,1074,974,992,980,998,973,970,968,1035,1034,1007,1006,1043,1052,1014,1004,1024,989,1034,988,1022,1016,985,978,987,989,965,1036,1025,1071,1032,1064,1026,1029,996,990,993,965,982,932,936,910,940,907,954,977,937,922,925,942,951,956,975,994,953,953,920,932,932,904,911,904,912,920,910,893,864,876,888,928,896,926,926,960,952,993,960,988,995,1019,1044,1046,1064,1102,1035,1043,1066,1022
3066,3370,2956,2820,2756,2552,2546,2353,2358,2264,2211,2099,2071,1972,1996,1920,1890,1803,1685,1774,1581,1546,1507,1468,1504,1390,1376,1399,1373,1402,1356,1362,1377,1368,1361,1319,1377,1304,1343,1364,1376,1381,1376,1335,1318,1301,1327,1237,1248,1247,1191,1151,1134,1080,1028,1086,1014,1045,1021,987,990,1009,991,974,986,968,972,956,941,945,955,960,976,956,942,938,890,855,860,875,867,889,909,891,940,921,923,938,887,925,893,923,885,883,882,867,866,833,835,796,809,788,809,809,844,829,822,820,799,808,823,846,848,826,853,805,806,830,854,813,798,803,797,792,802,821,825,828,831,843,877,818,792,765,778,800,799,815,827,832,848,850,826,832,756,776,744,756,736,716,696,704,692,750,697,712,707,727,699,736,702,755,730,778,723,723,711,739,733,722,693,696,672,685,679,678,701,706,698,665,663,656,673,619,653,608,643,656,685,648,690,690,739,731,757,818,820,799,774,761,774
3052,3516,2949,2971,2665,2642,2548,2465,2401,2310,2324,2169,2220,2068,2081,2062,1974,1918,1777,1829,1798,1730,1713,1705,1644,1621,1621,1622,1563,1602,1572,1568,1458,1475,1403,1415,1323,1387,1309,1298,1280,1306,1342,1389,1344,1417,1354,1345,1268,1293,1213,1269,1244,1210,1201,1175,1179,1181,1122,1119,1111,1083,1146,1106,1071,1067,1112,1060,1076,1038,1083,1061,1062,1075,1032,1071,1033,1046,1032,991,1033,999,969,960,948,1001,937,982,963,992,982,985,943,963,937,966,954,939,928,967,897,924,892,875,928,879,889,853,822,818,852,845,853,853,875,896,919,884,925,949,946,904,862,844,877,868,881,852,863,858,841,849,865,863,823,844,847,890,849,883,825,822,802,787,771,798,760,806,762,741,729,750,758,746,712,717,719,695,702,701,722,677,663,662,679,665,656,660,606,572,584,589,584,536,535,506,535,524,523,519,542,504,526,520,515,551,507,529,503,513,497,492,517,498,528,508,525,523,551,525,538
2986,3452,2891,2866,2637,2570,2504,2351,2384,2290,2238,2178,2114,2129,1978,1932,1889,1816,1718,1738,1761,1721,1744,1591,1550,1520,1479,1499,1455,1459,1351,1411,1353,1331,1344,1291,1263,1244,1236,1222,1200,1189,1133,1132,1132,1199,1127,1128,1075,1061,1048,1057,1081,1036,1056,1086,1046,1055,1055,1044,1072,1061,1037,1034,1064,996,957,975,972,930,894,942,919,943,899,908,870,916,873,931,917,922,914,961,918,935,920,916,910,941,930,927,975,952,957,931,935,940,966,861,865,819,808,811,808,809,770,740,717,741,775,788,820,825,843,817,843,838,845,812,851,792,820,791,799,820,813,828,832,862,822,821,827,845,847,816,838,842,847,879,893,888,912,905,946,939,951,950,947,934,915,933,946,895,903,858,830,798,816,806,813,857,878,905,942,912,900,875,901,898,911,935,921,991,900,952,883,842,886,850,855,860,840,849,817,861,846,859,885,863,869,826,853,769,799,821,825,832,847,812,812
2954,3366,2871,2816,2627,2472,2390,2425,2280,2229,2239,2134,2164,2132,2095,1988,1961,2006,1950,1903,1883,1857,1838,1812,1815,1781,1689,1705,1652,1640,1661,1608,1617,1621,1516,1545,1542,1500,1493,1523,1557,1516,1527,1583,1536,1563,1549,1567,1578,1481,1456,1395,1358,1359,1327,1351,1373,1335,1345,1278,1291,1257,1232,1257,1244,1268,1228,1260,1287,1256,1185,1202,1206,1255,1250,1215,1214,1265,1210,1181,1196,1201,1163,1116,1109,1035,1010,1049,1006,1000,1024,1035,1057,1061,1087,1131,1136,1144,1112,1129,1102,1114,1058,1060,1046,998,979,981,1008,998,973,980,974,966,973,986,935,950,933,939,931,956,955,952,984,939,921,960,949,984,933,943,941,948,922,960,953,989,961,966,920,974,921,970,941,1019,931,963,934,933,925,933,925,884,929,887,909,966,955,936,922,927,919,933,960,966,986,987,1000,1023,979,1033,990,1054,1037,1064,1058,1055,1018,1000,991,949,982,967,1001,946,949,926,949,927,953,934,877,878,866,867,830,840,804,791,780
3014,3472,2860,2790,2576,2614,2381,2373,2162,2135,2141,2126,2123,1998,2022,1828,1925,1863,1702,1717,1662,1709,1673,1628,1564,1519,1522,1534,1526,1476,1428,1430,1402,1385,1359,1389,1350,1361,1338,1327,1291,1327,1333,1334,1311,1315,1304,1303,1325,1205,1244,1187,1212,1159,1177,1181,1188,1140,1197,1114,1073,1061,1039,1018,1010,998,931,1003,928,969,915,942,910,884,944,914,935,915,947,914,890,897,869,913,885,877,884,856,873,820,810,806,852,812,887,827,857,865,915,886,849,805,837,815,837,856,905,881,864,846,807,868,848,848,809,836,857,852,874,858,847,831,858,813,805,809,771,810,801,809,767,758,735,747,716,738,713,663,698,688,699,660,673,667,685,711,745,684,726,734,746,738,735,769,753,743,781,750,837,787,863,825,869,810,855,805,823,807,837,861,863,842,862,832,893,815,825,790,779,795,784,810,790,820,776,812,750,767,759,784,781,758,729,772,745,765,768,768,767,740,789
3030,3408,2821,2872,2645,2603,2471,2419,2287,2198,2208,2102,2189,2073,2056,1992,1887,1875,1820,1812,1763,1801,1774,1700,1669,1550,1549,1486,1480,1441,1395,1369,1316,1332,1297,1308,1255,1258,1263,1261,1275,1273,1282,1265,1276,1265,1231,1212,1230,1237,1254,1215,1265,1213,1219,1168,1181,1160,1161,1138,1123,1118,1125,1091,1095,1086,1050,1121,1067,1096,1116,1150,1139,1145,1128,1163,1122,1215,1134,1222,1168,1191,1140,1165,1178,1220,1171,1196,1140,1089,1100,1119,1141,1144,1091,1116,1080,1106,1077,1060,1045,1045,1068,1025,1030,1017,997,1003,983,1003,1064,1024,976,976,974,970,940,920,893,909,905,921,938,946,935,919,922,878,925,891,893,878,853,839,847,843,870,838,889,854,819,820,780,784,779,789,801,801,819,822,817,779,795,794,788,779,789,803,785,789,780,808,824,842,814,831,791,806,789,818,806,826,812,819,828,857,811,852,845,904,890,921,925,863,923,885,952,917,909,906,920,943,976,988,1004,936,907,902,932,905,952
3018,3456,2966,2931,2727,2759,2591,2517,2498,2316,2263,2206,2068,2007,2002,1861,1935,1850,1852,1892,1847,1813,1826,1765,1791,1715,1714,1671,1653,1599,1642,1589,1596,1579,1515,1510,1494,1506,1428,1460,1368,1421,1401,1403,1389,1385,1344,1393,1320,1377,1327,1373,1341,1325,1307,1274,1200,1146,1109,1137,1148,1092,1087,1062,1068,1052,1138,1049,1060,1027,1065,1033,1072,1053,1046,1041,1010,1036,995,1043,1000,1010,970,995,955,979,972,953,971,993,952,986,986,992,1034,1041,1040,1027,1062,1103,1116,1150,1072,1141,1110,1106,1100,1065,1093,1048,1041,1071,1056,1010,1005,983,993,967,1051,1018,1037,992,1043,996,1013,991,941,946,998,1003,988,943,941,957,926,956,869,938,886,895,879,935,903,923,881,875,867,880,917,917,904,891,878,886,867,832,877,828,849,834,809,829,824,833,846,820,890,847,866,852,832,781,826,798,796,791,778,772,731,806,780,797,766,806,811,838,813,829,871,858,878,904,880,895,871,870,891,857,845,848,850
2966,3439,2970,2769,2726,2618,2499,2440,2289,2161,2098,2026,1940,1886,1900,1813,1764,1758,1723,1680,1652,1616,1640,1603,1544,1573,1597,1553,1617,1612,1591,1498,1476,1481,1483,1439,1474,1411,1341,1332,1364,1344,1344,1328,1349,1363,1316,1349,1295,1288,1265,1241,1223,1236,1246,1254,1221,1224,1205,1247,1201,1173,1183,1190,1207,1212,1191,1179,1165,1221,1174,1171,1171,1231,1214,1214,1208,1203,1235,1169,1196,1143,1144,1161,1149,1188,1173,1202,1124,1132,1112,1078,1075,1108,1098,1097,1096,1114,1123,1121,1082,1058,1056,1016,1011,996,980,992,992,995,963,989,992,1011,1043,1018,1072,996,973,938,916,892,889,897,873,855,866,870,861,864,814,849,817,823,827,816,849,830,845,866,895,907,913,879,856,876,852,877,876,886,909,915,879,881,904,883,921,886,893,898,931,899,855,875,875,894,873,881,879,828,886,846,881,839,867,851,846,838,815,837,795,770,798,758,747,740,753,733,736,763,731,724,688,679,678,668,631,640,634,662,659
2981,3508,2947,2813,2664,2574,2479,2328,2247,2197,2063,2038,2019,1956,1879,1836,1803,1781,1708,1747,1664,1681,1664,1642,1621,1576,1576,1536,1542,1558,1531,1511,1512,1468,1485,1449,1419,1382,1399,1391,1374,1368,1383,1343,1348,1310,1316,1337,1344,1397,1369,1406,1332,1374,1382,1349,1434,1361,1437,1336,1326,1276,1275,1249,1164,1131,1077,1091,1095,1034,1027,1007,1049,1010,963,1000,991,982,979,948,930,925,947,931,922,953,957,946,900,911,929,933,929,966,960,954,971,948,936,982,963,943,995,963,1050,995,1075,1020,1073,1013,1061,1038,1031,1058,1065,1044,1053,1066,1052,1026,1029,1003,1028,1035,1078,1072,1066,1026,1037,979,982,986,984,976,995,978,1001,969,956,922,923,944,999,1002,987,1021,1060,1080,1025,1088,1084,1053,1096,1100,1059,1094,1069,1107,1068,1050,1082,1091,1113,1120,1146,1115,1100,1076,1109,1105,1061,1157,1085,1101,1102,1062,955,953,950,935,930,923,931,993,1018,1004,1020,1019,1023,1050,1006,1035,1042,1087,1026,964,996,927,973,959,995
2964,3375,2803,2707,2559,2415,2334,2324,2264,2192,2090,2051,2026,2008,1941,1969,1870,1911,1872,1850,1802,1735,1739,1700,1695,1593,1535,1493,1409,1463,1424,1405,1394,1303,1256,1293,1284,1272,1226,1221,1215,1222,1211,1200,1178,1200,1186,1142,1152,1179,1155,1166,1121,1136,1161,1182,1168,1148,1180,1145,1170,1213,1193,1223,1215,1232,1225,1168,1156,1176,1078,1140,1078,1103,1097,1168,1108,1156,1138,1166,1121,1086,1088,1056,1030,1006,1014,1099,1060,1080,1056,1000,1004,1026,1046,1035,1015,1025,996,1025,1013,1007,1024,985,1015,1017,1046,1000,1022,985,985,976,977,1011,979,979,981,963,925,956,950,971,973,920,943,895,953,961,931,927,902,899,887,917,907,957,900,899,928,906,928,879,915,853,854,828,793,811,831,839,824,837,812,833,829,844,822,842,857,838,828,825,837,844,840,828,824,804,819,824,821,786,819,807,819,820,818,828,807,799,821,813,791,792,834,825,781,792,767,773,735,735,747,804,782,794,781,793,759,756,720
2965,3398,2776,2806,2606,2450,2396,2301,2351,2212,2196,2111,2079,2057,1930,1849,1772,1830,1784,1751,1739,1700,1673,1624,1527,1517,1453,1514,1504,1557,1571,1589,1574,1489,1473,1486,1437,1405,1410,1427,1410,1369,1354,1363,1317,1283,1254,1220,1175,1213,1136,1189,1143,1169,1168,1139,1139,1090,1083,1067,1089,1100,1088,1124,1078,1140,1051,1091,1067,1087,1060,1106,1100,1104,1127,1121,1148,1139,1155,1123,1098,1131,1098,1076,1066,1015,1032,1041,1074,1066,1085,1117,1100,1095,1055,1118,1084,1102,1100,1071,1065,1058,1048,1011,960,949,901,933,897,926,919,950,959,984,960,998,909,922,925,910,934,921,882,882,874,863,828,816,849,838,928,893,871,823,818,819,802,773,769,811,801,796,805,786,789,751,741,714,765,756,776,772,759,757,766,778,762,753,703,716,737,763,787,761,762,721,741,741,768,760,750,733,718,678,692,693,699,713,674,719,715,727,722,732,721,707,696,690,671,712,701,691,712,702,674,665,657,685,693,712,692
2982,3362,2874,2770,2650,2539,2426,2325,2274,2197,2134,2042,2005,1968,1882,1857,1836,1857,1811,1849,1774,1774,1677,1690,1607,1583,1597,1509,1535,1436,1470,1489,1505,1479,1428,1399,1344,1341,1275,1288,1300,1275,1269,1231,1169,1203,1151,1135,1086,1159,1124,1142,1176,1194,1191,1212,1142,1199,1194,1261,1226,1237,1181,1238,1153,1178,1130,1155,1179,1167,1151,1142,1131,1100,1048,1139,1075,1161,1107,1094,1084,1063,1073,1045,1114,1078,1094,1077,1067,1030,1025,1035,1030,988,998,1046,1034,997,1026,1035,1055,1045,1088,1035,1047,1063,1064,1030,1053,1047,1004,982,926,887,848,891,819,860,807,840,772,745,703,738,728,722,731,745,746,760,763,729,732,725,732,723,716,713,672,679,670,667,677,702,690,717,692,711,675,732,664,696,703,710,747,731,740,735,747,778,780,757,773,758,763,751,732,758,753,740,711,730,765,727,759,745,738,748,739,709,738,699,699,728,762,776,761,757,753,764,735,771,749,741,742,750,779,752,723,737,714
3020,3432,2852,2809,2734,2622,2538,2474,2384,2312,2206,2203,2109,2138,1971,1854,1827,1741,1689,1583,1607,1521,1456,1435,1343,1428,1360,1369,1328,1340,1338,1302,1324,1306,1348,1306,1303,1273,1289,1284,1270,1216,1200,1206,1152,1132,1194,1105,1082,1089,1079,1060,1061,1057,1043,1057,1051,1070,1073,1021,1048,1035,1044,1040,1045,1111,1019,1063,1076,1049,1032,991,940,923,917,968,939,991,925,937,942,928,926,910,907,856,882,880,908,890,865,892,881,904,903,868,876,865,844,866,871,908,915,886,889,887,906,883,873,924,837,875,856,862,826,834,827,841,834,843,842,865,846,841,842,892,859,870,896,878,892,896,880,869,847,875,910,915,865,922,816,856,813,869,859,847,891,861,892,862,900,872,862,900,865,888,894,883,919,888,868,909,899,928,977,928,929,888,898,895,901,895,879,898,913,889,923,926,961,994,984,990,930,950,885,880,869,854,855,840,788,759,734,721,731,773,777,777,814,784,814
2985,3387,2862,2947,2666,2630,2476,2307,2243,2151,2133,2091,1901,1959,1955,1944,1917,1881,1918,1807,1800,1673,1694,1620,1641,1564,1556,1460,1470,1503,1488,1549,1528,1516,1494,1386,1364,1336,1343,1337,1376,1324,1319,1362,1332,1328,1327,1333,1365,1346,1390,1379,1358,1328,1314,1369,1301,1357,1305,1328,1256,1249,1193,1216,1243,1204,1265,1189,1203,1164,1221,1167,1196,1188,1214,1116,1189,1097,1078,1089,1090,1069,1112,1075,1060,1018,1008,974,983,1019,1000,1028,948,949,1022,987,999,932,962,941,952,893,851,848,862,861,890,902,872,875,874,891,924,937,947,962,957,961,958,930,964,896,933,890,900,882,906,874,872,836,817,833,835,833,822,838,799,853,777,799,794,796,826,810,810,851,840,836,824,874,884,888,859,901,861,876,878,883,845,862,861,814,818,833,829,831,818,812,780,754,765,750,757,742,755,751,781,771,801,780,811,809,786,812,873,868,872,920,866,891,887,908,919,909,932,895,950,892,910,920,901
3025,3498,2951,2863,2683,2601,2442,2490,2392,2312,2209,2199,2154,2025,2051,1950,1954,1886,1851,1774,1711,1719,1759,1745,1787,1749,1736,1695,1639,1580,1578,1564,1497,1518,1532,1483,1477,1470,1453,1440,1339,1370,1335,1318,1286,1264,1231,1239,1247,1253,1260,1278,1346,1323,1321,1356,1279,1249,1310,1244,1300,1234,1269,1236,1264,1221,1231,1228,1224,1249,1226,1232,1234,1205,1196,1196,1185,1125,1089,1106,1053,1050,984,952,933,925,898,930,937,930,915,922,884,893,844,820,791,788,761,815,785,798,771,796,799,831,828,809,782,803,775,783,793,769,778,770,802,791,789,767,763,796,836,816,835,798,853,788,839,774,775,776,772,796,780,756,732,769,751,763,744,742,755,752,760,760,776,799,743,761,813,783,756,769,787,752,774,712,774,720,751,763,748,750,761,741,755,742,782,770,775,755,782,805,782,802,779,763,805,793,853,834,803,809,805,796,797,817,801,834,783,818,775,779,785,827,814,814,829,799,795
3049,3436,2897,2920,2684,2642,2556,2475,2345,2318,2196,2050,2021,1984,1968,1963,1902,1852,1810,1771,1716,1704,1676,1577,1566,1498,1525,1493,1477,1452,1497,1443,1419,1397,1359,1380,1376,1445,1432,1423,1365,1335,1291,1271,1266,1254,1254,1281,1230,1280,1267,1272,1227,1228,1166,1158,1099,1181,1089,1076,1038,1039,1104,1136,1123,1118,1094,1048,1047,1036,995,993,948,951,944,996,975,968,1003,953,985,990,984,1044,976,993,982,987,969,1029,967,967,984,1002,997,1008,1012,1028,1029,1009,1017,1030,1024,1043,1034,1032,1103,1019,1099,1078,1103,1077,1060,1075,1075,1108,1070,1069,1031,1069,1087,1079,1087,1080,1059,1015,1051,995,1008,995,980,962,978,984,989,956,968,971,982,1005,1026,1037,1006,1001,970,952,938,888,872,858,898,886,904,867,824,848,839,856,854,907,915,875,919,909,892,881,943,895,890,873,880,895,887,856,853,887,918,935,929,953,933,951,956,994,980,963,945,928,888,939,963,971,955,947,942,962,1000,986,959,946,937
2977,3421,2825,2809,2672,2656,2384,2418,2196,2225,2164,2115,2026,2008,2013,2025,2013,1947,1936,1973,1882,1840,1806,1670,1640,1618,1583,1537,1494,1487,1406,1428,1441,1376,1392,1310,1341,1281,1230,1276,1246,1209,1222,1224,1233,1181,1163,1192,1187,1164,1138,1121,1198,1134,1207,1167,1172,1146,1192,1125,1162,1103,1153,1054,1080,1050,1093,1080,1133,1140,1131,1128,1164,1163,1207,1211,1221,1238,1195,1159,1215,1174,1249,1205,1187,1157,1153,1121,1120,1134,1140,1123,1150,1097,1063,1019,1001,990,987,1011,969,1005,944,939,929,904,968,942,1008,965,980,969,983,974,944,891,871,878,862,865,837,885,847,907,856,818,850,806,822,843,893,902,905,923,948,896,922,944,940,918,919,917,861,865,836,813,793,805,781,777,718,729,684,671,706,664,690,680,660,699,645,646,651,644,700,647,658,658,651,650,639,657,660,697,686,676,651,689,689,747,724,737,717,737,730,734,731,725,726,695,672,678,659,667,655,654,665,620,612,632,620
2907,3295,2938,2887,2645,2667,2472,2379,2273,2301,2201,2133,2123,2067,2015,1965,1936,1922,1791,1797,1773,1774,1768,1720,1714,1635,1597,1636,1611,1604,1521,1496,1450,1456,1411,1365,1386,1321,1383,1366,1437,1357,1382,1300,1243,1179,1167,1130,1159,1171,1184,1145,1129,1107,1131,1119,1111,1065,1090,1103,1098,1069,1062,1027,1078,973,1008,1009,1006,989,1048,1022,1030,1013,988,951,961,971,961,993,1004,979,980,990,993,1027,1038,1007,976,993,1036,1002,1029,962,985,971,963,969,932,909,854,865,860,892,871,929,893,905,893,898,892,873,857,862,870,894,869,887,833,864,851,865,884,920,911,926,926,932,943,971,1006,986,1020,1045,1079,1062,1064,1046,1026,963,939,931,916,913,915,889,910,868,914,867,899,879,825,821,811,802,801,799,785,799,788,822,835,844,836,819,811,786,798,819,817,810,806,861,856,857,811,784,773,788,831,824,845,814,804,816,838,822,804,810,799,818,784,756,798,786,807,778,797,753,751
2973,3349,3004,2901,2690,2639,2481,2471,2383,2320,2244,2114,2040,2041,1971,1903,1912,1877,1907,1863,1901,1803,1724,1788,1718,1793,1751,1785,1783,1750,1681,1609,1600,1611,1568,1499,1535,1554,1463,1490,1444,1472,1364,1359,1298,1324,1299,1325,1307,1338,1301,1318,1276,1283,1348,1313,1357,1302,1337,1269,1260,1225,1251,1237,1141,1188,1065,1114,1139,1186,1129,1142,1106,1124,1127,1143,1047,1056,1041,1062,1042,1052,1051,1041,1036,1040,1047,990,1030,1007,1011,1009,1026,979,1002,981,993,969,976,950,928,977,1034,1058,1078,1075,1045,1062,1025,1002,968,961,938,959,919,944,950,949,955,953,862,905,876,885,877,881,898,889,877,859,840,859,822,883,861,870,916,905,904,896,922,888,936,928,910,888,844,908,875,960,928,956,976,920,918,895,919,860,919,894,878,858,875,885,885,919,903,939,920,911,934,904,921,890,892,889,866,877,849,873,871,863,895,908,908,921,956,888,857,847,780,788,775,808,755,773,754,757,777,744,802
2961,3399,2900,2779,2685,2617,2466,2478,2364,2310,2263,2165,2113,2064,1975,1877,1936,1783,1768,1734,1693,1697,1619,1624,1591,1599,1555,1543,1561,1563,1530,1517,1499,1491,1453,1446,1387,1293,1409,1301,1355,1221,1234,1184,1204,1206,1136,1174,1126,1163,1171,1216,1209,1223,1175,1163,1142,1173,1156,1200,1228,1215,1224,1185,1149,1119,1153,1141,1170,1179,1173,1156,1119,1122,1110,1093,1104,1047,1032,993,1005,981,1006,1001,1052,983,977,1019,1023,1056,1046,1026,1047,970,986,1021,1007,984,977,988,1021,989,982,999,1003,985,1025,965,999,954,992,986,977,953,922,977,977,988,938,1002,1006,1046,1038,1034,1044,1025,1062,1001,1035,965,1003,938,954,959,957,991,949,944,957,970,986,964,953,993,950,969,973,952,948,968,972,929,913,909,886,857,845,873,900,892,928,904,918,911,905,954,910,993,939,953,898,881,903,874,868,860,912,882,896,879,875,887,892,839,796,775,798,819,824,851,830,804,833,807,807,788,805,799,800,792,816
3016,3458,2807,2888,2593,2531,2380,2400,2262,2303,2198,2103,2013,1949,1899,1838,1768,1729,1716,1640,1627,1648,1603,1628,1615,1558,1510,1520,1444,1503,1406,1467,1359,1320,1360,1413,1423,1412,1430,1396,1381,1318,1287,1276,1237,1252,1223,1205,1189,1195,1232,1236,1189,1181,1169,1138,1138,1091,1112,1054,1036,1039,1028,1056,1028,1025,1000,999,993,1013,978,1010,988,985,991,980,954,985,965,1007,988,961,944,976,981,985,946,963,925,902,905,905,919,909,924,926,942,994,945,910,908,922,909,881,879,883,841,836,845,847,833,841,844,852,857,888,821,840,817,811,819,834,761,794,801,807,839,811,846,833,885,896,912,878,871,862,874,868,856,906,877,886,868,883,905,895,892,870,839,858,824,862,820,833,849,834,866,813,821,827,781,842,794,801,779,805,824,812,824,826,836,831,818,847,841,856,869,854,837,818,802,829,817,857,846,839,865,848,820,854,832,844,863,874,867,874,884,871,866,855,867
3003,3510,2880,2799,2724,2652,2483,2434,2407,2259,2301,2113,2121,2046,2053,2056,1932,1912,1850,1839,1842,1858,1786,1773,1693,1604,1599,1653,1711,1588,1568,1528,1461,1506,1453,1393,1364,1427,1350,1387,1384,1378,1403,1359,1356,1347,1329,1340,1322,1269,1314,1328,1316,1314,1349,1359,1303,1296,1289,1279,1278,1275,1237,1280,1212,1210,1193,1219,1215,1204,1229,1283,1298,1277,1323,1276,1273,1192,1242,1221,1261,1251,1237,1209,1236,1138,1162,1152,1173,1079,1091,1069,1086,1016,1002,990,988,988,992,1003,998,1030,1048,1010,1006,1001,976,1027,972,1003,970,942,944,911,917,920,896,892,894,848,903,855,854,802,812,816,839,764,777,761,723,731,704,736,726,765,736,759,753,801,807,829,813,838,767,817,824,859,848,889,817,816,760,798,768,796,755,807,772,817,811,834,791,771,817,845,812,822,833,801,791,766,775,771,739,741,755,746,763,767,765,731,715,727,730,726,735,753,762,771,785,782,790,779,763,813,784,802,788,797,784
2908,3303,2842,2752,2702,2546,2594,2367,2317,2266,2218,2151,2133,2046,2027,1874,1793,1789,1738,1789,1740,1746,1701,1706,1660,1639,1608,1527,1510,1538,1520,1492,1474,1475,1455,1482,1447,1391,1393,1424,1353,1339,1322,1329,1349,1357,1332,1296,1228,1268,1272,1272,1193,1183,1171,1181,1128,1133,1128,1156,1141,1063,1033,1043,1041,1009,1015,1023,1049,1067,1095,1084,1095,1040,1017,986,966,889,976,943,962,928,941,956,944,897,911,894,881,846,853,877,917,866,851,860,823,834,808,841,778,775,768,780,805,767,766,775,737,736,744,760,765,760,766,775,740,749,755,758,785,795,785,807,806,817,784,784,777,751,719,728,719,695,727,678,695,695,709,699,694,716,704,716,705,731,766,733,767,762,773,736,740,752,716,740,736,724,702,770,723,718,738,706,694,704,667,726,706,703,710,718,736,730,679,636,695,660,706,714,714,749,742,785,766,836,814,847,848,860,842,877,852,849,849,856,894,866,886,857,820
3046,3440,2874,2760,2725,2565,2412,2467,2390,2354,2208,2301,2163,2145,2052,1989,2036,1891,1860,1784,1801,1737,1767,1685,1673,1581,1535,1559,1565,1552,1533,1554,1559,1576,1547,1546,1547,1482,1544,1407,1441,1459,1419,1403,1414,1411,1400,1378,1406,1394,1361,1368,1318,1335,1355,1355,1338,1350,1258,1247,1239,1252,1259,1297,1241,1315,1197,1218,1181,1225,1206,1215,1239,1186,1118,1138,1093,1087,1111,1099,1099,1065,1100,1103,1155,1093,1069,1064,1106,1031,1033,1015,1014,970,1020,973,1048,1008,1019,1060,1064,1110,1087,1121,1009,1055,1022,985,1013,986,1046,1045,1070,1063,1081,1072,1110,1036,991,943,947,938,968,992,965,1055,965,977,894,907,874,859,846,840,847,805,788,793,798,811,833,844,814,854,803,864,862,852,855,830,807,787,807,764,735,715,748,689,698,685,714,685,710,696,694,674,703,658,646,668,651,665,645,673,662,666,677,672,682,657,663,670,686,692,674,697,666,711,696,717,682,702,690,738,696,735,766,775,770,769,795
3061,3402,3004,2971,2771,2682,2565,2430,2388,2322,2212,2186,2034,2044,1994,1992,1888,1919,1869,1800,1676,1649,1576,1545,1567,1549,1493,1427,1435,1476,1441,1411,1421,1447,1334,1338,1271,1317,1247,1234,1232,1244,1206,1184,1181,1206,1182,1134,1148,1158,1162,1222,1124,1191,1198,1173,1213,1215,1202,1224,1141,1146,1108,1063,1061,1067,1096,1117,1160,1090,1167,1115,1149,1095,1135,1107,1099,1108,1113,1129,1103,1128,1086,1169,1149,1173,1197,1226,1159,1166,1127,1136,1079,1076,1103,1038,1077,1032,1043,997,1002,975,1016,991,977,959,965,938,1011,934,968,934,923,918,932,922,916,904,869,901,830,844,819,793,794,788,776,790,767,741,712,724,723,733,729,738,732,731,704,709,682,671,665,677,662,653,668,702,719,737,723,741,751,759,750,773,749,752,731,742,798,749,814,803,836,800,830,786,806,804,789,830,796,797,769,826,787,769,767,786,772,782,800,775,825,797,804,791,806,794,847,809,825,784,803,846,838,851,837,810,847
3008,3471,2898,2767,2587,2502,2438,2323,2360,2276,2225,2136,2188,2047,2107,1964,2015,1878,1866,1871,1815,1783,1748,1690,1594,1567,1496,1543,1481,1535,1446,1394,1400,1398,1329,1317,1225,1250,1238,1257,1221,1239,1266,1270,1214,1214,1135,1159,1164,1182,1156,1135,1097,1126,1116,1164,1129,1123,1143,1107,1122,1089,1070,1129,1117,1129,1133,1109,1076,1091,1077,1075,1048,985,1056,989,950,957,964,956,944,941,926,967,965,1031,1065,1025,1046,990,985,964,984,971,1041,1025,1049,1027,1009,1044,994,996,989,974,922,948,931,964,954,970,947,948,948,952,911,935,872,923,935,954,981,1005,983,960,955,928,928,933,896,937,871,864,873,871,839,825,776,788,772,793,784,794,834,826,787,782,715,678,667,656,634,647,657,670,668,698,667,694,664,679,702,699,692,700,670,645,650,622,667,624,655,673,679,657,711,690,705,731,682,763,699,760,697,758,703,697,712,745,739,729,712,738,732,712,714,748,722,728,711,706,682
2947,3364,2941,2699,2630,2547,2444,2392,2381,2319,2272,2230,2147,2077,2046,1951,1885,1762,1719,1761,1668,1659,1607,1643,1671,1665,1657,1611,1593,1444,1476,1451,1451,1337,1389,1348,1367,1297,1202,1203,1226,1149,1179,1140,1107,1122,1063,1062,1000,1055,1034,1075,1024,1065,1064,1085,1055,1078,1044,1106,1058,1109,1061,1067,1026,1031,1018,1030,979,1000,1005,933,994,947,963,944,907,914,887,915,911,957,909,882,874,836,865,875,839,896,931,916,923,915,912,903,888,857,869,877,826,837,824,841,805,823,817,844,807,815,805,823,854,811,819,786,821,815,863,835,822,849,779,829,825,839,845,836,827,817,793,796,787,786,809,791,874,812,848,852,841,867,810,838,804,833,766,756,730,752,750,745,759,749,756,773,740,739,706,738,738,734,722,743,736,760,727,756,725,753,763,798,799,818,805,793,821,827,795,813,845,825,847,855,869,863,899,897,918,902,908,896,885,868,803,762,797,757,759,753,788
2954,3366,2769,2763,2623,2626,2476,2409,2248,2146,2059,2044,2019,1977,1834,1842,1761,1761,1629,1600,1523,1511,1570,1560,1521,1478,1501,1451,1489,1387,1379,1370,1325,1330,1291,1205,1168,1152,1131,1120,1135,1155,1119,1126,1166,1141,1175,1172,1153,1169,1165,1184,1212,1147,1109,1099,1087,1128,1097,1110,1069,1100,1041,1108,1099,1095,1147,1082,1155,1147,1150,1151,1109,1108,1101,1107,1093,1064,1108,1058,1099,1092,1121,1088,1121,1135,1118,1112,1085,1110,1085,1069,1046,1079,1031,1014,1015,969,959,920,942,918,967,981,948,953,952,936,933,932,890,853,878,912,943,918,922,914,973,1036,1017,996,1023,1037,1067,1039,1058,1008,1048,1008,1008,967,1001,962,1015,968,980,957,961,930,934,987,946,949,981,951,947,919,949,929,939,925,975,934,955,966,961,944,944,947,953,947,982,949,961,937,925,944,959,963,968,985,999,1002,1024,1078,1038,1055,981,999,984,1006,929,933,933,932,957,900,895,863,819,784,770,804,799,809,797,789,789,817,745
2944,3413,2832,2808,2702,2594,2436,2373,2282,2159,2082,2003,1958,1954,1872,1791,1749,1702,1677,1575,1601,1549,1545,1526,1505,1493,1496,1478,1476,1446,1396,1362,1329,1338,1339,1338,1342,1371,1330,1374,1320,1352,1326,1325,1278,1293,1284,1250,1266,1243,1268,1232,1242,1203,1189,1206,1166,1150,1173,1081,1107,1091,1109,1071,1040,1030,1021,1015,962,993,961,941,914,933,938,966,918,919,917,921,975,967,1009,1001,977,1007,992,1051,1016,1046,1077,1125,1063,1059,1033,1080,1035,1012,1010,1008,985,968,967,998,965,988,994,972,945,931,893,880,880,877,901,941,908,932,910,888,885,876,903,907,886,879,848,837,856,827,838,816,863,860,882,883,924,904,901,889,873,863,862,874,861,853,867,875,865,926,898,926,935,915,943,943,901,937,906,898,858,849,853,839,794,802,765,783,762,756,755,762,772,800,809,804,807,799,805,796,772,811,781,832,778,770,738,786,736,734,728,733,705,735,745,760,753,771,750,756,775
